source_taxon_name,source_taxon_path,source_taxon_path_ids,source_specimen_occurrence_id,source_specimen_institution_code,source_specimen_collection_code,source_specimen_catalog_number,source_specimen_life_stage_id,source_specimen_life_stage,source_specimen_physiological_state_id,source_specimen_physiological_state,source_specimen_body_part_id,source_specimen_body_part,source_specimen_sex_id,source_specimen_sex,source_specimen_basis_of_record,interaction_type,target_taxon_name,target_taxon_path,target_taxon_path_ids,target_specimen_occurrence_id,target_specimen_institution_code,target_specimen_collection_code,target_specimen_catalog_number,target_specimen_life_stage_id,target_specimen_life_stage,target_specimen_physiological_state_id,target_specimen_physiological_state,target_specimen_body_part_id,target_specimen_body_part,target_specimen_sex_id,target_specimen_sex,target_specimen_basis_of_record,latitude,longitude,event_date,study_citation,study_url,study_source_citation,study_source_archive_uri
Ophiocordyceps unilateralis,Life | Cellular Organisms | Eukaryota | Opisthokonta | Nucletmycea | Fungi | Dikarya | Ascomycota | Sordariomycetes | Hypocreales | Ophiocordycipitaceae | Ophiocordyceps | Ophiocordyceps unilateralis,EOL:2913056 | EOL:6061725 | EOL:2908256 | EOL:2910700 | EOL:46702381 | EOL:46702383 | EOL:10594877 | EOL:5577 | EOL:2858320 | EOL:5645 | EOL:8564101 | EOL:6471306 | EOL:6471318,,,,,,,,,,,,,,hasParasite,Camponotus pennsylvanicus,Biota | Animalia | Arthropoda | Crustacea | Allotriocarida | Hexapoda | Insecta | Pterygota | Hymenoptera | Formicidae | Camponotus | Camponotus pennsylvanicus,WORMS:1 | WORMS:2 | WORMS:1065 | WORMS:1066 | WORMS:1598172 | WORMS:1278 | WORMS:1307 | WORMS:151152 | WORMS:151155 | WORMS:425369 | WORMS:1490351 | WORMS:1490353,,,,,,,,,,,,,,,,,https://speciesconnect.com/case/ophiocordyceps-unilateralis-parasitism-camponotus-pennsylvanicus/,https://speciesconnect.com/case/ophiocordyceps-unilateralis-parasitism-camponotus-pennsylvanicus/,Species Connect. https://speciesconnect.com,https://github.com/globalbioticinteractions/speciesconnect/archive/c3c6f45f0864cd9d7fb4f281f69669cc5516cbfd.zip
Aspergillus flavus,Biota | Fungi | Ascomycota | Pezizomycotina | Eurotiomycetes | Eurotiomycetidae | Eurotiales | Trichocomaceae | Aspergillus | Aspergillus flavus,WORMS:1 | WORMS:4 | WORMS:21891 | WORMS:437297 | WORMS:437258 | WORMS:178082 | WORMS:100010 | WORMS:100048 | WORMS:100211 | WORMS:826545,,,,,,,,,,,,,,pathogenOf,Anoplolepis gracilipes,Life | Cellular Organisms | Eukaryota | Opisthokonta | Metazoa | Bilateria | Protostomia | Ecdysozoa | Arthropoda | Pancrustacea | Hexapoda | Insecta | Pterygota | Neoptera | Endopterygota | Hymenoptera | Apocrita | Aculeata | Vespoidea | Formicidae | Anoplolepis | Anoplolepis gracilipes,EOL:2913056 | EOL:6061725 | EOL:2908256 | EOL:2910700 | EOL:1 | EOL:3014411 | EOL:10459935 | EOL:8880788 | EOL:164 | EOL:10578120 | EOL:2634370 | EOL:344 | EOL:2634372 | EOL:1327472 | EOL:3016961 | EOL:648 | EOL:2717184 | EOL:2723467 | EOL:698 | EOL:699 | EOL:34616 | EOL:470492,,,,,,,,,,,,,,,,,"Humber, R.A. 1992. Collection of entomopathogenic fungal cultures: catolog of strains, 1992. U.S. Department of Agriculture, Agriculture Research Service. ARS-110. 177pp. (Plant Protection Research Unit, U.S. Plant, Soil, and Water Laboratory, Tower Rd., Ithaca, N. Y. 14853-0331.)",,"Sarah E Miller. 12/13/2016. Species associations manually extracted from Onstad, D.W. EDWIP: Ecological Database of the World's Insect Pathogens. Champaign, Illinois: Illinois Natural History Survey, [23/11/2016]. http://insectweb.inhs.uiuc.edu/Pathogens/EDWIP.",https://zenodo.org/records/258220/files/millerse/Ecological-Database-of-the-World-s-Insect-Pathogens-v1.0.zip
Aphanocladium album,Life | Cellular Organisms | Eukaryota | Opisthokonta | Nucletmycea | Fungi | Dikarya | Ascomycota | Sordariomycetes | Hypocreales | Nectriaceae | Aphanocladium | Aphanocladium album,EOL:2913056 | EOL:6061725 | EOL:2908256 | EOL:2910700 | EOL:46702381 | EOL:46702383 | EOL:10594877 | EOL:5577 | EOL:2858320 | EOL:5645 | EOL:46711631 | EOL:31565 | EOL:243076,,,,,,,,,,,,,,pathogenOf,Anoplolepis gracilipes,Life | Cellular Organisms | Eukaryota | Opisthokonta | Metazoa | Bilateria | Protostomia | Ecdysozoa | Arthropoda | Pancrustacea | Hexapoda | Insecta | Pterygota | Neoptera | Endopterygota | Hymenoptera | Apocrita | Aculeata | Vespoidea | Formicidae | Anoplolepis | Anoplolepis gracilipes,EOL:2913056 | EOL:6061725 | EOL:2908256 | EOL:2910700 | EOL:1 | EOL:3014411 | EOL:10459935 | EOL:8880788 | EOL:164 | EOL:10578120 | EOL:2634370 | EOL:344 | EOL:2634372 | EOL:1327472 | EOL:3016961 | EOL:648 | EOL:2717184 | EOL:2723467 | EOL:698 | EOL:699 | EOL:34616 | EOL:470492,,,,,,,,,,,,,,,,,"Humber, R.A. 1992. Collection of entomopathogenic fungal cultures: catolog of strains, 1992. U.S. Department of Agriculture, Agriculture Research Service. ARS-110. 177pp. (Plant Protection Research Unit, U.S. Plant, Soil, and Water Laboratory, Tower Rd., Ithaca, N. Y. 14853-0331.)",,"Sarah E Miller. 12/13/2016. Species associations manually extracted from Onstad, D.W. EDWIP: Ecological Database of the World's Insect Pathogens. Champaign, Illinois: Illinois Natural History Survey, [23/11/2016]. http://insectweb.inhs.uiuc.edu/Pathogens/EDWIP.",https://zenodo.org/records/258220/files/millerse/Ecological-Database-of-the-World-s-Insect-Pathogens-v1.0.zip
Isaria farinosa,Life | Cellular Organisms | Eukaryota | Opisthokonta | Nucletmycea | Fungi | Dikarya | Ascomycota | Sordariomycetes | Hypocreales | Cordycipitaceae | Isaria | Isaria farinosa,EOL:2913056 | EOL:6061725 | EOL:2908256 | EOL:2910700 | EOL:46702381 | EOL:46702383 | EOL:10594877 | EOL:5577 | EOL:2858320 | EOL:5645 | EOL:8565449 | EOL:36823 | EOL:11500126,,,,,,,,,,,,,,pathogenOf,Anoplolepis gracilipes,Life | Cellular Organisms | Eukaryota | Opisthokonta | Metazoa | Bilateria | Protostomia | Ecdysozoa | Arthropoda | Pancrustacea | Hexapoda | Insecta | Pterygota | Neoptera | Endopterygota | Hymenoptera | Apocrita | Aculeata | Vespoidea | Formicidae | Anoplolepis | Anoplolepis gracilipes,EOL:2913056 | EOL:6061725 | EOL:2908256 | EOL:2910700 | EOL:1 | EOL:3014411 | EOL:10459935 | EOL:8880788 | EOL:164 | EOL:10578120 | EOL:2634370 | EOL:344 | EOL:2634372 | EOL:1327472 | EOL:3016961 | EOL:648 | EOL:2717184 | EOL:2723467 | EOL:698 | EOL:699 | EOL:34616 | EOL:470492,,,,,,,,,,,,,,,,,"Humber, R.A. 1992. Collection of entomopathogenic fungal cultures: catolog of strains, 1992. U.S. Department of Agriculture, Agriculture Research Service. ARS-110. 177pp. (Plant Protection Research Unit, U.S. Plant, Soil, and Water Laboratory, Tower Rd., Ithaca, N. Y. 14853-0331.)",,"Sarah E Miller. 12/13/2016. Species associations manually extracted from Onstad, D.W. EDWIP: Ecological Database of the World's Insect Pathogens. Champaign, Illinois: Illinois Natural History Survey, [23/11/2016]. http://insectweb.inhs.uiuc.edu/Pathogens/EDWIP.",https://zenodo.org/records/258220/files/millerse/Ecological-Database-of-the-World-s-Insect-Pathogens-v1.0.zip
Verticillium indicum,Life | Cellular Organisms | Eukaryota | Opisthokonta | Nucletmycea | Fungi | Dikarya | Ascomycota | Sordariomycetes | Glomerellales | Plectosphaerellaceae | Verticillium | Verticillium indicum,EOL:2913056 | EOL:6061725 | EOL:2908256 | EOL:2910700 | EOL:46702381 | EOL:46702383 | EOL:10594877 | EOL:5577 | EOL:2858320 | EOL:20812761 | EOL:8563072 | EOL:31641 | EOL:6524889,,,,,,,,,,,,,,pathogenOf,Anoplolepis gracilipes,Life | Cellular Organisms | Eukaryota | Opisthokonta | Metazoa | Bilateria | Protostomia | Ecdysozoa | Arthropoda | Pancrustacea | Hexapoda | Insecta | Pterygota | Neoptera | Endopterygota | Hymenoptera | Apocrita | Aculeata | Vespoidea | Formicidae | Anoplolepis | Anoplolepis gracilipes,EOL:2913056 | EOL:6061725 | EOL:2908256 | EOL:2910700 | EOL:1 | EOL:3014411 | EOL:10459935 | EOL:8880788 | EOL:164 | EOL:10578120 | EOL:2634370 | EOL:344 | EOL:2634372 | EOL:1327472 | EOL:3016961 | EOL:648 | EOL:2717184 | EOL:2723467 | EOL:698 | EOL:699 | EOL:34616 | EOL:470492,,,,,,,,,,,,,,,,,"Humber, R.A. 1992. Collection of entomopathogenic fungal cultures: catolog of strains, 1992. U.S. Department of Agriculture, Agriculture Research Service. ARS-110. 177pp. (Plant Protection Research Unit, U.S. Plant, Soil, and Water Laboratory, Tower Rd., Ithaca, N. Y. 14853-0331.)",,"Sarah E Miller. 12/13/2016. Species associations manually extracted from Onstad, D.W. EDWIP: Ecological Database of the World's Insect Pathogens. Champaign, Illinois: Illinois Natural History Survey, [23/11/2016]. http://insectweb.inhs.uiuc.edu/Pathogens/EDWIP.",https://zenodo.org/records/258220/files/millerse/Ecological-Database-of-the-World-s-Insect-Pathogens-v1.0.zip
Leucocoprinus,Biota | Eukaryota | Fungi | Dikarya | Basidiomycota | Agaricomycotina | Agaricomycetes | Agaricomycetidae | Agaricales | Agaricaceae | Leucocoprinus,WD:Q2382443 | WD:Q19088 | WD:Q764 | WD:Q755714 | WD:Q174698 | WD:Q584822 | WD:Q27720 | WD:Q131868 | WD:Q221448 | WD:Q913614 | WD:Q1300898,http://bins.boldsystems.org/index.php/Public_RecordView?processid=GBAGA10892-15,,,,,,,,,,,,MATERIAL_SAMPLE,hasHost,Atta sexdens,Life | Cellular Organisms | Eukaryota | Opisthokonta | Metazoa | Bilateria | Protostomia | Ecdysozoa | Arthropoda | Pancrustacea | Hexapoda | Insecta | Pterygota | Neoptera | Endopterygota | Hymenoptera | Apocrita | Aculeata | Vespoidea | Formicidae | Atta | Atta sexdens,EOL:2913056 | EOL:6061725 | EOL:2908256 | EOL:2910700 | EOL:1 | EOL:3014411 | EOL:10459935 | EOL:8880788 | EOL:164 | EOL:10578120 | EOL:2634370 | EOL:344 | EOL:2634372 | EOL:1327472 | EOL:3016961 | EOL:648 | EOL:2717184 | EOL:2723467 | EOL:698 | EOL:699 | EOL:53197 | EOL:406378,,,,,,,,,,,,,MATERIAL_SAMPLE,,,,http://bins.boldsystems.org/index.php/Public_RecordView?processid=GBAGA10892-15,http://bins.boldsystems.org/index.php/Public_RecordView?processid=GBAGA10892-15,The International Barcode of Life Consortium (2016). International Barcode of Life project (iBOL). Occurrence dataset https://doi.org/10.15468/inygc6,https://github.com/globalbioticinteractions/bold/archive/604c9ecdf7d88e61b645bb5f43532b7adc11bb4f.zip
Basidiomycota,Life | Cellular Organisms | Eukaryota | Opisthokonta | Nucletmycea | Fungi | Dikarya | Basidiomycota,EOL:2913056 | EOL:6061725 | EOL:2908256 | EOL:2910700 | EOL:46702381 | EOL:46702383 | EOL:10594877 | EOL:5664,,,,,,,,,,,,,,interactsWith,Atta sexdens,Life | Cellular Organisms | Eukaryota | Opisthokonta | Metazoa | Bilateria | Protostomia | Ecdysozoa | Arthropoda | Pancrustacea | Hexapoda | Insecta | Pterygota | Neoptera | Endopterygota | Hymenoptera | Apocrita | Aculeata | Vespoidea | Formicidae | Atta | Atta sexdens,EOL:2913056 | EOL:6061725 | EOL:2908256 | EOL:2910700 | EOL:1 | EOL:3014411 | EOL:10459935 | EOL:8880788 | EOL:164 | EOL:10578120 | EOL:2634370 | EOL:344 | EOL:2634372 | EOL:1327472 | EOL:3016961 | EOL:648 | EOL:2717184 | EOL:2723467 | EOL:698 | EOL:699 | EOL:53197 | EOL:406378,,,,,,,,,,,,,,,,,A. Thessen. 2014. Species associations extracted from EOL text data objects via text mining. Accessed at <https://github.com/EOL/pseudonitzchia/archive/e5838965a186fba4b7215cd0d179c4526773bad5.zip> on 10 Apr 2026.,,A. Thessen. 2014. Species associations extracted from EOL text data objects via text mining.,https://github.com/EOL/pseudonitzchia/archive/e5838965a186fba4b7215cd0d179c4526773bad5.zip
Escovopsis,Life | Cellular Organisms | Eukaryota | Opisthokonta | Nucletmycea | Fungi | Dikarya | Ascomycota | Sordariomycetes | Hypocreales | unclassified Hypocreales | Escovopsis,EOL:2913056 | EOL:6061725 | EOL:2908256 | EOL:2910700 | EOL:46702381 | EOL:46702383 | EOL:10594877 | EOL:5577 | EOL:2858320 | EOL:5645 | EOL:52244108 | EOL:100237,,,,,,,,,,,,,,interactsWith,Atta sexdens,Life | Cellular Organisms | Eukaryota | Opisthokonta | Metazoa | Bilateria | Protostomia | Ecdysozoa | Arthropoda | Pancrustacea | Hexapoda | Insecta | Pterygota | Neoptera | Endopterygota | Hymenoptera | Apocrita | Aculeata | Vespoidea | Formicidae | Atta | Atta sexdens,EOL:2913056 | EOL:6061725 | EOL:2908256 | EOL:2910700 | EOL:1 | EOL:3014411 | EOL:10459935 | EOL:8880788 | EOL:164 | EOL:10578120 | EOL:2634370 | EOL:344 | EOL:2634372 | EOL:1327472 | EOL:3016961 | EOL:648 | EOL:2717184 | EOL:2723467 | EOL:698 | EOL:699 | EOL:53197 | EOL:406378,,,,,,,,,,,,,,,,,A. Thessen. 2014. Species associations extracted from EOL text data objects via text mining. Accessed at <https://github.com/EOL/pseudonitzchia/archive/e5838965a186fba4b7215cd0d179c4526773bad5.zip> on 10 Apr 2026.,,A. Thessen. 2014. Species associations extracted from EOL text data objects via text mining.,https://github.com/EOL/pseudonitzchia/archive/e5838965a186fba4b7215cd0d179c4526773bad5.zip
Streptomyces,Life | Cellular Organisms | Bacteria | Actinobacteria | Streptomycetales | Streptomycetaceae | Streptomyces,EOL:2913056 | EOL:6061725 | EOL:288 | EOL:7861 | EOL:52177343 | EOL:7879 | EOL:83069,,,,,,,,,,,,,,interactsWith,Atta sexdens,Life | Cellular Organisms | Eukaryota | Opisthokonta | Metazoa | Bilateria | Protostomia | Ecdysozoa | Arthropoda | Pancrustacea | Hexapoda | Insecta | Pterygota | Neoptera | Endopterygota | Hymenoptera | Apocrita | Aculeata | Vespoidea | Formicidae | Atta | Atta sexdens,EOL:2913056 | EOL:6061725 | EOL:2908256 | EOL:2910700 | EOL:1 | EOL:3014411 | EOL:10459935 | EOL:8880788 | EOL:164 | EOL:10578120 | EOL:2634370 | EOL:344 | EOL:2634372 | EOL:1327472 | EOL:3016961 | EOL:648 | EOL:2717184 | EOL:2723467 | EOL:698 | EOL:699 | EOL:53197 | EOL:406378,,,,,,,,,,,,,,,,,A. Thessen. 2014. Species associations extracted from EOL text data objects via text mining. Accessed at <https://github.com/EOL/pseudonitzchia/archive/e5838965a186fba4b7215cd0d179c4526773bad5.zip> on 10 Apr 2026.,,A. Thessen. 2014. Species associations extracted from EOL text data objects via text mining.,https://github.com/EOL/pseudonitzchia/archive/e5838965a186fba4b7215cd0d179c4526773bad5.zip
Leucoagaricus gongylophorus,Life | Cellular Organisms | Eukaryota | Opisthokonta | Nucletmycea | Fungi | Dikarya | Basidiomycota | Agaricomycetes | Agaricales | Agaricaceae | Leucoagaricus | Leucoagaricus gongylophorus,EOL:2913056 | EOL:6061725 | EOL:2908256 | EOL:2910700 | EOL:46702381 | EOL:46702383 | EOL:10594877 | EOL:5664 | EOL:2865511 | EOL:5676 | EOL:5966 | EOL:21455 | EOL:195811,,,,,,,,,,,,,,hasHost,Atta sexdens,Life | Cellular Organisms | Eukaryota | Opisthokonta | Metazoa | Bilateria | Protostomia | Ecdysozoa | Arthropoda | Pancrustacea | Hexapoda | Insecta | Pterygota | Neoptera | Endopterygota | Hymenoptera | Apocrita | Aculeata | Vespoidea | Formicidae | Atta | Atta sexdens,EOL:2913056 | EOL:6061725 | EOL:2908256 | EOL:2910700 | EOL:1 | EOL:3014411 | EOL:10459935 | EOL:8880788 | EOL:164 | EOL:10578120 | EOL:2634370 | EOL:344 | EOL:2634372 | EOL:1327472 | EOL:3016961 | EOL:648 | EOL:2717184 | EOL:2723467 | EOL:698 | EOL:699 | EOL:53197 | EOL:406378,,,,,,,,,,,,,,,,,http://www.ncbi.nlm.nih.gov/nuccore/49425502,http://www.ncbi.nlm.nih.gov/nuccore/49425502,"Sarah E Miller. 4/18/2016. Species associations from Wardeh, M. et al. Database of host-pathogen and related species interactions, and their global distribution. Sci. Data 2:150049 doi: 10.1038/sdata.2015.49 (2015)",https://zenodo.org/records/258189/files/millerse/Wardeh-et-al.-2015-v1.0.zip
Leucoagaricus gongylophorus,Life | Cellular Organisms | Eukaryota | Opisthokonta | Nucletmycea | Fungi | Dikarya | Basidiomycota | Agaricomycetes | Agaricales | Agaricaceae | Leucoagaricus | Leucoagaricus gongylophorus,EOL:2913056 | EOL:6061725 | EOL:2908256 | EOL:2910700 | EOL:46702381 | EOL:46702383 | EOL:10594877 | EOL:5664 | EOL:2865511 | EOL:5676 | EOL:5966 | EOL:21455 | EOL:195811,,,,,,,,,,,,,,hasHost,Atta sexdens,Life | Cellular Organisms | Eukaryota | Opisthokonta | Metazoa | Bilateria | Protostomia | Ecdysozoa | Arthropoda | Pancrustacea | Hexapoda | Insecta | Pterygota | Neoptera | Endopterygota | Hymenoptera | Apocrita | Aculeata | Vespoidea | Formicidae | Atta | Atta sexdens,EOL:2913056 | EOL:6061725 | EOL:2908256 | EOL:2910700 | EOL:1 | EOL:3014411 | EOL:10459935 | EOL:8880788 | EOL:164 | EOL:10578120 | EOL:2634370 | EOL:344 | EOL:2634372 | EOL:1327472 | EOL:3016961 | EOL:648 | EOL:2717184 | EOL:2723467 | EOL:698 | EOL:699 | EOL:53197 | EOL:406378,,,,,,,,,,,,,,,,,http://www.ncbi.nlm.nih.gov/nuccore/3851051,http://www.ncbi.nlm.nih.gov/nuccore/3851051,"Sarah E Miller. 4/18/2016. Species associations from Wardeh, M. et al. Database of host-pathogen and related species interactions, and their global distribution. Sci. Data 2:150049 doi: 10.1038/sdata.2015.49 (2015)",https://zenodo.org/records/258189/files/millerse/Wardeh-et-al.-2015-v1.0.zip
Leucoagaricus gongylophorus,Life | Cellular Organisms | Eukaryota | Opisthokonta | Nucletmycea | Fungi | Dikarya | Basidiomycota | Agaricomycetes | Agaricales | Agaricaceae | Leucoagaricus | Leucoagaricus gongylophorus,EOL:2913056 | EOL:6061725 | EOL:2908256 | EOL:2910700 | EOL:46702381 | EOL:46702383 | EOL:10594877 | EOL:5664 | EOL:2865511 | EOL:5676 | EOL:5966 | EOL:21455 | EOL:195811,,,,,,,,,,,,,,hasHost,Atta sexdens,Life | Cellular Organisms | Eukaryota | Opisthokonta | Metazoa | Bilateria | Protostomia | Ecdysozoa | Arthropoda | Pancrustacea | Hexapoda | Insecta | Pterygota | Neoptera | Endopterygota | Hymenoptera | Apocrita | Aculeata | Vespoidea | Formicidae | Atta | Atta sexdens,EOL:2913056 | EOL:6061725 | EOL:2908256 | EOL:2910700 | EOL:1 | EOL:3014411 | EOL:10459935 | EOL:8880788 | EOL:164 | EOL:10578120 | EOL:2634370 | EOL:344 | EOL:2634372 | EOL:1327472 | EOL:3016961 | EOL:648 | EOL:2717184 | EOL:2723467 | EOL:698 | EOL:699 | EOL:53197 | EOL:406378,,,,,,,,,,,,,,,,,http://www.ncbi.nlm.nih.gov/nuccore/3851050,http://www.ncbi.nlm.nih.gov/nuccore/3851050,"Sarah E Miller. 4/18/2016. Species associations from Wardeh, M. et al. Database of host-pathogen and related species interactions, and their global distribution. Sci. Data 2:150049 doi: 10.1038/sdata.2015.49 (2015)",https://zenodo.org/records/258189/files/millerse/Wardeh-et-al.-2015-v1.0.zip
Leucoagaricus gongylophorus,Life | Cellular Organisms | Eukaryota | Opisthokonta | Nucletmycea | Fungi | Dikarya | Basidiomycota | Agaricomycetes | Agaricales | Agaricaceae | Leucoagaricus | Leucoagaricus gongylophorus,EOL:2913056 | EOL:6061725 | EOL:2908256 | EOL:2910700 | EOL:46702381 | EOL:46702383 | EOL:10594877 | EOL:5664 | EOL:2865511 | EOL:5676 | EOL:5966 | EOL:21455 | EOL:195811,,,,,,,,,,,,,,hasHost,Atta sexdens,Life | Cellular Organisms | Eukaryota | Opisthokonta | Metazoa | Bilateria | Protostomia | Ecdysozoa | Arthropoda | Pancrustacea | Hexapoda | Insecta | Pterygota | Neoptera | Endopterygota | Hymenoptera | Apocrita | Aculeata | Vespoidea | Formicidae | Atta | Atta sexdens,EOL:2913056 | EOL:6061725 | EOL:2908256 | EOL:2910700 | EOL:1 | EOL:3014411 | EOL:10459935 | EOL:8880788 | EOL:164 | EOL:10578120 | EOL:2634370 | EOL:344 | EOL:2634372 | EOL:1327472 | EOL:3016961 | EOL:648 | EOL:2717184 | EOL:2723467 | EOL:698 | EOL:699 | EOL:53197 | EOL:406378,,,,,,,,,,,,,,,,,http://www.ncbi.nlm.nih.gov/nuccore/3851049,http://www.ncbi.nlm.nih.gov/nuccore/3851049,"Sarah E Miller. 4/18/2016. Species associations from Wardeh, M. et al. Database of host-pathogen and related species interactions, and their global distribution. Sci. Data 2:150049 doi: 10.1038/sdata.2015.49 (2015)",https://zenodo.org/records/258189/files/millerse/Wardeh-et-al.-2015-v1.0.zip
Leucoagaricus gongylophorus,Life | Cellular Organisms | Eukaryota | Opisthokonta | Nucletmycea | Fungi | Dikarya | Basidiomycota | Agaricomycetes | Agaricales | Agaricaceae | Leucoagaricus | Leucoagaricus gongylophorus,EOL:2913056 | EOL:6061725 | EOL:2908256 | EOL:2910700 | EOL:46702381 | EOL:46702383 | EOL:10594877 | EOL:5664 | EOL:2865511 | EOL:5676 | EOL:5966 | EOL:21455 | EOL:195811,,,,,,,,,,,,,,hasHost,Atta sexdens,Life | Cellular Organisms | Eukaryota | Opisthokonta | Metazoa | Bilateria | Protostomia | Ecdysozoa | Arthropoda | Pancrustacea | Hexapoda | Insecta | Pterygota | Neoptera | Endopterygota | Hymenoptera | Apocrita | Aculeata | Vespoidea | Formicidae | Atta | Atta sexdens,EOL:2913056 | EOL:6061725 | EOL:2908256 | EOL:2910700 | EOL:1 | EOL:3014411 | EOL:10459935 | EOL:8880788 | EOL:164 | EOL:10578120 | EOL:2634370 | EOL:344 | EOL:2634372 | EOL:1327472 | EOL:3016961 | EOL:648 | EOL:2717184 | EOL:2723467 | EOL:698 | EOL:699 | EOL:53197 | EOL:406378,,,,,,,,,,,,,,,,,http://www.ncbi.nlm.nih.gov/nuccore/3851048,http://www.ncbi.nlm.nih.gov/nuccore/3851048,"Sarah E Miller. 4/18/2016. Species associations from Wardeh, M. et al. Database of host-pathogen and related species interactions, and their global distribution. Sci. Data 2:150049 doi: 10.1038/sdata.2015.49 (2015)",https://zenodo.org/records/258189/files/millerse/Wardeh-et-al.-2015-v1.0.zip
Leucoagaricus gongylophorus,Life | Cellular Organisms | Eukaryota | Opisthokonta | Nucletmycea | Fungi | Dikarya | Basidiomycota | Agaricomycetes | Agaricales | Agaricaceae | Leucoagaricus | Leucoagaricus gongylophorus,EOL:2913056 | EOL:6061725 | EOL:2908256 | EOL:2910700 | EOL:46702381 | EOL:46702383 | EOL:10594877 | EOL:5664 | EOL:2865511 | EOL:5676 | EOL:5966 | EOL:21455 | EOL:195811,,,,,,,,,,,,,,hasHost,Atta sexdens,Life | Cellular Organisms | Eukaryota | Opisthokonta | Metazoa | Bilateria | Protostomia | Ecdysozoa | Arthropoda | Pancrustacea | Hexapoda | Insecta | Pterygota | Neoptera | Endopterygota | Hymenoptera | Apocrita | Aculeata | Vespoidea | Formicidae | Atta | Atta sexdens,EOL:2913056 | EOL:6061725 | EOL:2908256 | EOL:2910700 | EOL:1 | EOL:3014411 | EOL:10459935 | EOL:8880788 | EOL:164 | EOL:10578120 | EOL:2634370 | EOL:344 | EOL:2634372 | EOL:1327472 | EOL:3016961 | EOL:648 | EOL:2717184 | EOL:2723467 | EOL:698 | EOL:699 | EOL:53197 | EOL:406378,,,,,,,,,,,,,,,,,http://www.ncbi.nlm.nih.gov/nuccore/3851047,http://www.ncbi.nlm.nih.gov/nuccore/3851047,"Sarah E Miller. 4/18/2016. Species associations from Wardeh, M. et al. Database of host-pathogen and related species interactions, and their global distribution. Sci. Data 2:150049 doi: 10.1038/sdata.2015.49 (2015)",https://zenodo.org/records/258189/files/millerse/Wardeh-et-al.-2015-v1.0.zip
Leucoagaricus gongylophorus,Life | Cellular Organisms | Eukaryota | Opisthokonta | Nucletmycea | Fungi | Dikarya | Basidiomycota | Agaricomycetes | Agaricales | Agaricaceae | Leucoagaricus | Leucoagaricus gongylophorus,EOL:2913056 | EOL:6061725 | EOL:2908256 | EOL:2910700 | EOL:46702381 | EOL:46702383 | EOL:10594877 | EOL:5664 | EOL:2865511 | EOL:5676 | EOL:5966 | EOL:21455 | EOL:195811,,,,,,,,,,,,,,hasHost,Atta sexdens,Life | Cellular Organisms | Eukaryota | Opisthokonta | Metazoa | Bilateria | Protostomia | Ecdysozoa | Arthropoda | Pancrustacea | Hexapoda | Insecta | Pterygota | Neoptera | Endopterygota | Hymenoptera | Apocrita | Aculeata | Vespoidea | Formicidae | Atta | Atta sexdens,EOL:2913056 | EOL:6061725 | EOL:2908256 | EOL:2910700 | EOL:1 | EOL:3014411 | EOL:10459935 | EOL:8880788 | EOL:164 | EOL:10578120 | EOL:2634370 | EOL:344 | EOL:2634372 | EOL:1327472 | EOL:3016961 | EOL:648 | EOL:2717184 | EOL:2723467 | EOL:698 | EOL:699 | EOL:53197 | EOL:406378,,,,,,,,,,,,,,,,,http://www.ncbi.nlm.nih.gov/nuccore/3851046,http://www.ncbi.nlm.nih.gov/nuccore/3851046,"Sarah E Miller. 4/18/2016. Species associations from Wardeh, M. et al. Database of host-pathogen and related species interactions, and their global distribution. Sci. Data 2:150049 doi: 10.1038/sdata.2015.49 (2015)",https://zenodo.org/records/258189/files/millerse/Wardeh-et-al.-2015-v1.0.zip
Leucoagaricus gongylophorus,Life | Cellular Organisms | Eukaryota | Opisthokonta | Nucletmycea | Fungi | Dikarya | Basidiomycota | Agaricomycetes | Agaricales | Agaricaceae | Leucoagaricus | Leucoagaricus gongylophorus,EOL:2913056 | EOL:6061725 | EOL:2908256 | EOL:2910700 | EOL:46702381 | EOL:46702383 | EOL:10594877 | EOL:5664 | EOL:2865511 | EOL:5676 | EOL:5966 | EOL:21455 | EOL:195811,,,,,,,,,,,,,,hasHost,Atta sexdens,Life | Cellular Organisms | Eukaryota | Opisthokonta | Metazoa | Bilateria | Protostomia | Ecdysozoa | Arthropoda | Pancrustacea | Hexapoda | Insecta | Pterygota | Neoptera | Endopterygota | Hymenoptera | Apocrita | Aculeata | Vespoidea | Formicidae | Atta | Atta sexdens,EOL:2913056 | EOL:6061725 | EOL:2908256 | EOL:2910700 | EOL:1 | EOL:3014411 | EOL:10459935 | EOL:8880788 | EOL:164 | EOL:10578120 | EOL:2634370 | EOL:344 | EOL:2634372 | EOL:1327472 | EOL:3016961 | EOL:648 | EOL:2717184 | EOL:2723467 | EOL:698 | EOL:699 | EOL:53197 | EOL:406378,,,,,,,,,,,,,,,,,http://www.ncbi.nlm.nih.gov/nuccore/3851045,http://www.ncbi.nlm.nih.gov/nuccore/3851045,"Sarah E Miller. 4/18/2016. Species associations from Wardeh, M. et al. Database of host-pathogen and related species interactions, and their global distribution. Sci. Data 2:150049 doi: 10.1038/sdata.2015.49 (2015)",https://zenodo.org/records/258189/files/millerse/Wardeh-et-al.-2015-v1.0.zip
Leucoagaricus gongylophorus,Life | Cellular Organisms | Eukaryota | Opisthokonta | Nucletmycea | Fungi | Dikarya | Basidiomycota | Agaricomycetes | Agaricales | Agaricaceae | Leucoagaricus | Leucoagaricus gongylophorus,EOL:2913056 | EOL:6061725 | EOL:2908256 | EOL:2910700 | EOL:46702381 | EOL:46702383 | EOL:10594877 | EOL:5664 | EOL:2865511 | EOL:5676 | EOL:5966 | EOL:21455 | EOL:195811,,,,,,,,,,,,,,hasHost,Atta sexdens,Life | Cellular Organisms | Eukaryota | Opisthokonta | Metazoa | Bilateria | Protostomia | Ecdysozoa | Arthropoda | Pancrustacea | Hexapoda | Insecta | Pterygota | Neoptera | Endopterygota | Hymenoptera | Apocrita | Aculeata | Vespoidea | Formicidae | Atta | Atta sexdens,EOL:2913056 | EOL:6061725 | EOL:2908256 | EOL:2910700 | EOL:1 | EOL:3014411 | EOL:10459935 | EOL:8880788 | EOL:164 | EOL:10578120 | EOL:2634370 | EOL:344 | EOL:2634372 | EOL:1327472 | EOL:3016961 | EOL:648 | EOL:2717184 | EOL:2723467 | EOL:698 | EOL:699 | EOL:53197 | EOL:406378,,,,,,,,,,,,,,,,,http://www.ncbi.nlm.nih.gov/nuccore/3851012,http://www.ncbi.nlm.nih.gov/nuccore/3851012,"Sarah E Miller. 4/18/2016. Species associations from Wardeh, M. et al. Database of host-pathogen and related species interactions, and their global distribution. Sci. Data 2:150049 doi: 10.1038/sdata.2015.49 (2015)",https://zenodo.org/records/258189/files/millerse/Wardeh-et-al.-2015-v1.0.zip
Blastobotrys attinorum,Life | Cellular Organisms | Eukaryota | Opisthokonta | Nucletmycea | Fungi | Dikarya | Ascomycota | Saccharomycetes | Saccharomycetales | Trichomonascaceae | Blastobotrys | Blastobotrys attinorum,EOL:2913056 | EOL:6061725 | EOL:2908256 | EOL:2910700 | EOL:46702381 | EOL:46702383 | EOL:10594877 | EOL:5577 | EOL:5678 | EOL:5679 | EOL:8568736 | EOL:31777 | EOL:11938776,,,,,,,,,,,,,,hasHost,Atta sexdens,Life | Cellular Organisms | Eukaryota | Opisthokonta | Metazoa | Bilateria | Protostomia | Ecdysozoa | Arthropoda | Pancrustacea | Hexapoda | Insecta | Pterygota | Neoptera | Endopterygota | Hymenoptera | Apocrita | Aculeata | Vespoidea | Formicidae | Atta | Atta sexdens,EOL:2913056 | EOL:6061725 | EOL:2908256 | EOL:2910700 | EOL:1 | EOL:3014411 | EOL:10459935 | EOL:8880788 | EOL:164 | EOL:10578120 | EOL:2634370 | EOL:344 | EOL:2634372 | EOL:1327472 | EOL:3016961 | EOL:648 | EOL:2717184 | EOL:2723467 | EOL:698 | EOL:699 | EOL:53197 | EOL:406378,,,,,,,,,,,,,,,,,http://www.ncbi.nlm.nih.gov/nuccore/38230550,http://www.ncbi.nlm.nih.gov/nuccore/38230550,"Sarah E Miller. 4/18/2016. Species associations from Wardeh, M. et al. Database of host-pathogen and related species interactions, and their global distribution. Sci. Data 2:150049 doi: 10.1038/sdata.2015.49 (2015)",https://zenodo.org/records/258189/files/millerse/Wardeh-et-al.-2015-v1.0.zip
Metarhizium anisopliae,Life | Cellular Organisms | Eukaryota | Opisthokonta | Nucletmycea | Fungi | Dikarya | Ascomycota | Sordariomycetes | Hypocreales | Clavicipitaceae | Metarhizium | Metarhizium anisopliae,EOL:2913056 | EOL:6061725 | EOL:2908256 | EOL:2910700 | EOL:46702381 | EOL:46702383 | EOL:10594877 | EOL:5577 | EOL:2858320 | EOL:5645 | EOL:5648 | EOL:21271 | EOL:992622,,,,,,,,,,,,,,pathogenOf,Atta sexdens,Life | Cellular Organisms | Eukaryota | Opisthokonta | Metazoa | Bilateria | Protostomia | Ecdysozoa | Arthropoda | Pancrustacea | Hexapoda | Insecta | Pterygota | Neoptera | Endopterygota | Hymenoptera | Apocrita | Aculeata | Vespoidea | Formicidae | Atta | Atta sexdens,EOL:2913056 | EOL:6061725 | EOL:2908256 | EOL:2910700 | EOL:1 | EOL:3014411 | EOL:10459935 | EOL:8880788 | EOL:164 | EOL:10578120 | EOL:2634370 | EOL:344 | EOL:2634372 | EOL:1327472 | EOL:3016961 | EOL:648 | EOL:2717184 | EOL:2723467 | EOL:698 | EOL:699 | EOL:53197 | EOL:406378,,,,,,,,,,,,,,,,,"Humber, R.A. 1992. Collection of entomopathogenic fungal cultures: catolog of strains, 1992. U.S. Department of Agriculture, Agriculture Research Service. ARS-110. 177pp. (Plant Protection Research Unit, U.S. Plant, Soil, and Water Laboratory, Tower Rd., Ithaca, N. Y. 14853-0331.)",,"Sarah E Miller. 12/13/2016. Species associations manually extracted from Onstad, D.W. EDWIP: Ecological Database of the World's Insect Pathogens. Champaign, Illinois: Illinois Natural History Survey, [23/11/2016]. http://insectweb.inhs.uiuc.edu/Pathogens/EDWIP.",https://zenodo.org/records/258220/files/millerse/Ecological-Database-of-the-World-s-Insect-Pathogens-v1.0.zip
Sporothrix insectorum,Life | Cellular Organisms | Eukaryota | Opisthokonta | Nucletmycea | Fungi | Dikarya | Ascomycota | Sordariomycetes | Ophiostomatales | Ophiostomataceae | Sporothrix | Sporothrix insectorum,EOL:2913056 | EOL:6061725 | EOL:2908256 | EOL:2910700 | EOL:46702381 | EOL:46702383 | EOL:10594877 | EOL:5577 | EOL:2858320 | EOL:6101 | EOL:6102 | EOL:18851 | EOL:1003945,,,,,,,,,,,,,,pathogenOf,Paltothyreus tarsatus,Animalia | Arthropoda | Insecta | Hymenoptera | Formicidae | Paltothyreus | Paltothyreus tarsatus,GBIF:1 | GBIF:54 | GBIF:216 | GBIF:1457 | GBIF:4342 | GBIF:4675129 | GBIF:8136566,,,,,,,,,,,,,,,,,"Humber, R.A. 1992. Collection of entomopathogenic fungal cultures: catolog of strains, 1992. U.S. Department of Agriculture, Agriculture Research Service. ARS-110. 177pp. (Plant Protection Research Unit, U.S. Plant, Soil, and Water Laboratory, Tower Rd., Ithaca, N. Y. 14853-0331.)",,"Sarah E Miller. 12/13/2016. Species associations manually extracted from Onstad, D.W. EDWIP: Ecological Database of the World's Insect Pathogens. Champaign, Illinois: Illinois Natural History Survey, [23/11/2016]. http://insectweb.inhs.uiuc.edu/Pathogens/EDWIP.",https://zenodo.org/records/258220/files/millerse/Ecological-Database-of-the-World-s-Insect-Pathogens-v1.0.zip
Akanthomyces gracilis,Life | Cellular Organisms | Eukaryota | Opisthokonta | Nucletmycea | Fungi | Dikarya | Ascomycota | Sordariomycetes | Hypocreales | Cordycipitaceae | Akanthomyces | Akanthomyces gracilis,EOL:2913056 | EOL:6061725 | EOL:2908256 | EOL:2910700 | EOL:46702381 | EOL:46702383 | EOL:10594877 | EOL:5577 | EOL:2858320 | EOL:5645 | EOL:8565449 | EOL:31647 | EOL:1003076,,,,,,,,,,,,,,pathogenOf,Paltothyreus tarsatus,Animalia | Arthropoda | Insecta | Hymenoptera | Formicidae | Paltothyreus | Paltothyreus tarsatus,GBIF:1 | GBIF:54 | GBIF:216 | GBIF:1457 | GBIF:4342 | GBIF:4675129 | GBIF:8136566,,,,,,,,,,,,,,,,,"Humber, R.A. 1992. Collection of entomopathogenic fungal cultures: catolog of strains, 1992. U.S. Department of Agriculture, Agriculture Research Service. ARS-110. 177pp. (Plant Protection Research Unit, U.S. Plant, Soil, and Water Laboratory, Tower Rd., Ithaca, N. Y. 14853-0331.)",,"Sarah E Miller. 12/13/2016. Species associations manually extracted from Onstad, D.W. EDWIP: Ecological Database of the World's Insect Pathogens. Champaign, Illinois: Illinois Natural History Survey, [23/11/2016]. http://insectweb.inhs.uiuc.edu/Pathogens/EDWIP.",https://zenodo.org/records/258220/files/millerse/Ecological-Database-of-the-World-s-Insect-Pathogens-v1.0.zip
Beauveria bassiana,Life | Cellular Organisms | Eukaryota | Opisthokonta | Nucletmycea | Fungi | Dikarya | Ascomycota | Sordariomycetes | Hypocreales | Cordycipitaceae | Beauveria | Beauveria bassiana,EOL:2913056 | EOL:6061725 | EOL:2908256 | EOL:2910700 | EOL:46702381 | EOL:46702383 | EOL:10594877 | EOL:5577 | EOL:2858320 | EOL:5645 | EOL:8565449 | EOL:16601 | EOL:160292,,,,,,,,,,,,,,pathogenOf,Formica,Life | Cellular Organisms | Eukaryota | Opisthokonta | Metazoa | Bilateria | Protostomia | Ecdysozoa | Arthropoda | Pancrustacea | Hexapoda | Insecta | Pterygota | Neoptera | Endopterygota | Hymenoptera | Apocrita | Aculeata | Vespoidea | Formicidae | Formica,EOL:2913056 | EOL:6061725 | EOL:2908256 | EOL:2910700 | EOL:1 | EOL:3014411 | EOL:10459935 | EOL:8880788 | EOL:164 | EOL:10578120 | EOL:2634370 | EOL:344 | EOL:2634372 | EOL:1327472 | EOL:3016961 | EOL:648 | EOL:2717184 | EOL:2723467 | EOL:698 | EOL:699 | EOL:49325,,,,,,,,,,,,,,,,,"Onstad, D.W. EDWIP: Ecological Database of the World's Insect Pathogens. Champaign, Illinois: Illinois Natural History Survey, [23/11/2016]. http://insectweb.inhs.uiuc.edu/Pathogens/EDWIP",,"Sarah E Miller. 12/13/2016. Species associations manually extracted from Onstad, D.W. EDWIP: Ecological Database of the World's Insect Pathogens. Champaign, Illinois: Illinois Natural History Survey, [23/11/2016]. http://insectweb.inhs.uiuc.edu/Pathogens/EDWIP.",https://zenodo.org/records/258220/files/millerse/Ecological-Database-of-the-World-s-Insect-Pathogens-v1.0.zip
Lecanicillium lecanii,Life | Cellular Organisms | Eukaryota | Opisthokonta | Nucletmycea | Fungi | Dikarya | Ascomycota | Sordariomycetes | Hypocreales | Cordycipitaceae | Lecanicillium | Lecanicillium lecanii,EOL:2913056 | EOL:6061725 | EOL:2908256 | EOL:2910700 | EOL:46702381 | EOL:46702383 | EOL:10594877 | EOL:5577 | EOL:2858320 | EOL:5645 | EOL:8565449 | EOL:37624 | EOL:299997,,,,,,,,,,,,,,pathogenOf,Formica,Life | Cellular Organisms | Eukaryota | Opisthokonta | Metazoa | Bilateria | Protostomia | Ecdysozoa | Arthropoda | Pancrustacea | Hexapoda | Insecta | Pterygota | Neoptera | Endopterygota | Hymenoptera | Apocrita | Aculeata | Vespoidea | Formicidae | Formica,EOL:2913056 | EOL:6061725 | EOL:2908256 | EOL:2910700 | EOL:1 | EOL:3014411 | EOL:10459935 | EOL:8880788 | EOL:164 | EOL:10578120 | EOL:2634370 | EOL:344 | EOL:2634372 | EOL:1327472 | EOL:3016961 | EOL:648 | EOL:2717184 | EOL:2723467 | EOL:698 | EOL:699 | EOL:49325,,,,,,,,,,,,,,,,,"Humber, R.A. 1999? Collection of entomopathogenic fungal cultures (unpublished) U.S. Department of Agriculture, Agriculture Research Service, Plant Protection Research Unit, U.S. Plant, Soil, and Water Laboratory, Tower Rd., Ithaca, N. Y. 14853-0331.",,"Sarah E Miller. 12/13/2016. Species associations manually extracted from Onstad, D.W. EDWIP: Ecological Database of the World's Insect Pathogens. Champaign, Illinois: Illinois Natural History Survey, [23/11/2016]. http://insectweb.inhs.uiuc.edu/Pathogens/EDWIP.",https://zenodo.org/records/258220/files/millerse/Ecological-Database-of-the-World-s-Insect-Pathogens-v1.0.zip
Paecilomyces fumosoroseus,Biota | Fungi | Ascomycota | Pezizomycotina | Eurotiomycetes | Eurotiomycetidae | Eurotiales | Trichocomaceae | Paecilomyces | Paecilomyces fumosoroseus,WORMS:1 | WORMS:4 | WORMS:21891 | WORMS:437297 | WORMS:437258 | WORMS:178082 | WORMS:100010 | WORMS:100048 | WORMS:100234 | WORMS:1486974,,,,,,,,,,,,,,pathogenOf,Cataulacus guineensis,Life | Cellular Organisms | Eukaryota | Opisthokonta | Metazoa | Bilateria | Protostomia | Ecdysozoa | Arthropoda | Pancrustacea | Hexapoda | Insecta | Pterygota | Neoptera | Endopterygota | Hymenoptera | Apocrita | Aculeata | Vespoidea | Formicidae | Cataulacus | Cataulacus guineensis,EOL:2913056 | EOL:6061725 | EOL:2908256 | EOL:2910700 | EOL:1 | EOL:3014411 | EOL:10459935 | EOL:8880788 | EOL:164 | EOL:10578120 | EOL:2634370 | EOL:344 | EOL:2634372 | EOL:1327472 | EOL:3016961 | EOL:648 | EOL:2717184 | EOL:2723467 | EOL:698 | EOL:699 | EOL:49320 | EOL:450899,,,,,,,,,,,,,,,,,"Onstad, D.W. EDWIP: Ecological Database of the World's Insect Pathogens. Champaign, Illinois: Illinois Natural History Survey, [23/11/2016]. http://insectweb.inhs.uiuc.edu/Pathogens/EDWIP",,"Sarah E Miller. 12/13/2016. Species associations manually extracted from Onstad, D.W. EDWIP: Ecological Database of the World's Insect Pathogens. Champaign, Illinois: Illinois Natural History Survey, [23/11/2016]. http://insectweb.inhs.uiuc.edu/Pathogens/EDWIP.",https://zenodo.org/records/258220/files/millerse/Ecological-Database-of-the-World-s-Insect-Pathogens-v1.0.zip
Beauveria bassiana,Life | Cellular Organisms | Eukaryota | Opisthokonta | Nucletmycea | Fungi | Dikarya | Ascomycota | Sordariomycetes | Hypocreales | Cordycipitaceae | Beauveria | Beauveria bassiana,EOL:2913056 | EOL:6061725 | EOL:2908256 | EOL:2910700 | EOL:46702381 | EOL:46702383 | EOL:10594877 | EOL:5577 | EOL:2858320 | EOL:5645 | EOL:8565449 | EOL:16601 | EOL:160292,,,,,,,,,,,,,,pathogenOf,Oecophylla smaragdina,Life | Cellular Organisms | Eukaryota | Opisthokonta | Metazoa | Bilateria | Protostomia | Ecdysozoa | Arthropoda | Pancrustacea | Hexapoda | Insecta | Pterygota | Neoptera | Endopterygota | Hymenoptera | Apocrita | Aculeata | Vespoidea | Formicidae | Oecophylla | Oecophylla smaragdina,EOL:2913056 | EOL:6061725 | EOL:2908256 | EOL:2910700 | EOL:1 | EOL:3014411 | EOL:10459935 | EOL:8880788 | EOL:164 | EOL:10578120 | EOL:2634370 | EOL:344 | EOL:2634372 | EOL:1327472 | EOL:3016961 | EOL:648 | EOL:2717184 | EOL:2723467 | EOL:698 | EOL:699 | EOL:32538 | EOL:457834,,,,,,,,,,,,,,,,,"Onstad, D.W. EDWIP: Ecological Database of the World's Insect Pathogens. Champaign, Illinois: Illinois Natural History Survey, [23/11/2016]. http://insectweb.inhs.uiuc.edu/Pathogens/EDWIP",,"Sarah E Miller. 12/13/2016. Species associations manually extracted from Onstad, D.W. EDWIP: Ecological Database of the World's Insect Pathogens. Champaign, Illinois: Illinois Natural History Survey, [23/11/2016]. http://insectweb.inhs.uiuc.edu/Pathogens/EDWIP.",https://zenodo.org/records/258220/files/millerse/Ecological-Database-of-the-World-s-Insect-Pathogens-v1.0.zip
Beauveria bassiana,Life | Cellular Organisms | Eukaryota | Opisthokonta | Nucletmycea | Fungi | Dikarya | Ascomycota | Sordariomycetes | Hypocreales | Cordycipitaceae | Beauveria | Beauveria bassiana,EOL:2913056 | EOL:6061725 | EOL:2908256 | EOL:2910700 | EOL:46702381 | EOL:46702383 | EOL:10594877 | EOL:5577 | EOL:2858320 | EOL:5645 | EOL:8565449 | EOL:16601 | EOL:160292,,,,,,,,,,,,,,pathogenOf,Atta mexicana,Life | Cellular Organisms | Eukaryota | Opisthokonta | Metazoa | Bilateria | Protostomia | Ecdysozoa | Arthropoda | Pancrustacea | Hexapoda | Insecta | Pterygota | Neoptera | Endopterygota | Hymenoptera | Apocrita | Aculeata | Vespoidea | Formicidae | Atta | Atta mexicana,EOL:2913056 | EOL:6061725 | EOL:2908256 | EOL:2910700 | EOL:1 | EOL:3014411 | EOL:10459935 | EOL:8880788 | EOL:164 | EOL:10578120 | EOL:2634370 | EOL:344 | EOL:2634372 | EOL:1327472 | EOL:3016961 | EOL:648 | EOL:2717184 | EOL:2723467 | EOL:698 | EOL:699 | EOL:53197 | EOL:452199,,,,,,,,,,,,,,,,,"Humber, R.A. 1992. Collection of entomopathogenic fungal cultures: catolog of strains, 1992. U.S. Department of Agriculture, Agriculture Research Service. ARS-110. 177pp. (Plant Protection Research Unit, U.S. Plant, Soil, and Water Laboratory, Tower Rd., Ithaca, N. Y. 14853-0331.); Humber, R.A. 1999? Collection of entomopathogenic fungal cultures (unpublished) U.S. Department of Agriculture, Agriculture Research Service, Plant Protection Research Unit, U.S. Plant, Soil, and Water Laboratory, Tower Rd., Ithaca, N. Y. 14853-0331.",,"Sarah E Miller. 12/13/2016. Species associations manually extracted from Onstad, D.W. EDWIP: Ecological Database of the World's Insect Pathogens. Champaign, Illinois: Illinois Natural History Survey, [23/11/2016]. http://insectweb.inhs.uiuc.edu/Pathogens/EDWIP.",https://zenodo.org/records/258220/files/millerse/Ecological-Database-of-the-World-s-Insect-Pathogens-v1.0.zip
Myrmecomyces annellisiae,Life | Cellular Organisms | Eukaryota | Opisthokonta | Nucletmycea | Fungi | Dikarya | Ascomycota | unclassified Ascomycota | Myrmecomyces | Myrmecomyces annellisiae,EOL:2913056 | EOL:6061725 | EOL:2908256 | EOL:2910700 | EOL:46702381 | EOL:46702383 | EOL:10594877 | EOL:5577 | EOL:52236963 | EOL:100221 | EOL:998814,ffa6a02f-c08c-48c7-af96-f3fbad6e9585,FLAS,,FLAS-F-55592,,,,,,,,,PreservedSpecimen,hasHost,Solenopsis quinquecuspis,Life | Cellular Organisms | Eukaryota | Opisthokonta | Metazoa | Bilateria | Protostomia | Ecdysozoa | Arthropoda | Pancrustacea | Hexapoda | Insecta | Pterygota | Neoptera | Endopterygota | Hymenoptera | Apocrita | Aculeata | Vespoidea | Formicidae | Solenopsis | Solenopsis quinquecuspis,EOL:2913056 | EOL:6061725 | EOL:2908256 | EOL:2910700 | EOL:1 | EOL:3014411 | EOL:10459935 | EOL:8880788 | EOL:164 | EOL:10578120 | EOL:2634370 | EOL:344 | EOL:2634372 | EOL:1327472 | EOL:3016961 | EOL:648 | EOL:2717184 | EOL:2723467 | EOL:698 | EOL:699 | EOL:33045 | EOL:403304,,,,,,,,,,,,,PreservedSpecimen,,,,https://mycoportal.org/portal/collections/individual/index.php?occid=3218374,https://mycoportal.org/portal/collections/individual/index.php?occid=3218374,Mycology Collections Data Portal (MyCoPortal). https://mycoportal.org,https://github.com/globalbioticinteractions/mycoportal/archive/646fe260d16e7ae85451d1813a1df332e8525a8d.zip
Myrmecomyces annellisiae,Life | Cellular Organisms | Eukaryota | Opisthokonta | Nucletmycea | Fungi | Dikarya | Ascomycota | unclassified Ascomycota | Myrmecomyces | Myrmecomyces annellisiae,EOL:2913056 | EOL:6061725 | EOL:2908256 | EOL:2910700 | EOL:46702381 | EOL:46702383 | EOL:10594877 | EOL:5577 | EOL:52236963 | EOL:100221 | EOL:998814,9f0af6f2-c3a2-408e-b0a8-8ecd80312b66,BPI,,BPI 1102635,,,,,,,,,PreservedSpecimen,hasHost,Solenopsis quinquecuspis,Life | Cellular Organisms | Eukaryota | Opisthokonta | Metazoa | Bilateria | Protostomia | Ecdysozoa | Arthropoda | Pancrustacea | Hexapoda | Insecta | Pterygota | Neoptera | Endopterygota | Hymenoptera | Apocrita | Aculeata | Vespoidea | Formicidae | Solenopsis | Solenopsis quinquecuspis,EOL:2913056 | EOL:6061725 | EOL:2908256 | EOL:2910700 | EOL:1 | EOL:3014411 | EOL:10459935 | EOL:8880788 | EOL:164 | EOL:10578120 | EOL:2634370 | EOL:344 | EOL:2634372 | EOL:1327472 | EOL:3016961 | EOL:648 | EOL:2717184 | EOL:2723467 | EOL:698 | EOL:699 | EOL:33045 | EOL:403304,,,,,,,,,,,,,PreservedSpecimen,,,1987-10-22T00:00:00Z,https://mycoportal.org/portal/collections/individual/index.php?occid=910293,https://mycoportal.org/portal/collections/individual/index.php?occid=910293,Mycology Collections Data Portal (MyCoPortal). https://mycoportal.org,https://github.com/globalbioticinteractions/mycoportal/archive/646fe260d16e7ae85451d1813a1df332e8525a8d.zip
Beauveria bassiana,Life | Cellular Organisms | Eukaryota | Opisthokonta | Nucletmycea | Fungi | Dikarya | Ascomycota | Sordariomycetes | Hypocreales | Cordycipitaceae | Beauveria | Beauveria bassiana,EOL:2913056 | EOL:6061725 | EOL:2908256 | EOL:2910700 | EOL:46702381 | EOL:46702383 | EOL:10594877 | EOL:5577 | EOL:2858320 | EOL:5645 | EOL:8565449 | EOL:16601 | EOL:160292,,,,,,,,,,,,,,pathogenOf,Solenopsis quinquecuspis,Life | Cellular Organisms | Eukaryota | Opisthokonta | Metazoa | Bilateria | Protostomia | Ecdysozoa | Arthropoda | Pancrustacea | Hexapoda | Insecta | Pterygota | Neoptera | Endopterygota | Hymenoptera | Apocrita | Aculeata | Vespoidea | Formicidae | Solenopsis | Solenopsis quinquecuspis,EOL:2913056 | EOL:6061725 | EOL:2908256 | EOL:2910700 | EOL:1 | EOL:3014411 | EOL:10459935 | EOL:8880788 | EOL:164 | EOL:10578120 | EOL:2634370 | EOL:344 | EOL:2634372 | EOL:1327472 | EOL:3016961 | EOL:648 | EOL:2717184 | EOL:2723467 | EOL:698 | EOL:699 | EOL:33045 | EOL:403304,,,,,,,,,,,,,,,,,"Onstad, D.W. EDWIP: Ecological Database of the World's Insect Pathogens. Champaign, Illinois: Illinois Natural History Survey, [23/11/2016]. http://insectweb.inhs.uiuc.edu/Pathogens/EDWIP",,"Sarah E Miller. 12/13/2016. Species associations manually extracted from Onstad, D.W. EDWIP: Ecological Database of the World's Insect Pathogens. Champaign, Illinois: Illinois Natural History Survey, [23/11/2016]. http://insectweb.inhs.uiuc.edu/Pathogens/EDWIP.",https://zenodo.org/records/258220/files/millerse/Ecological-Database-of-the-World-s-Insect-Pathogens-v1.0.zip
Myrmicinosporidium durum,Biota | Eukaryota | Fungi | Eumycota | Chytridiomycota | Myrmicinosporidium | Myrmicinosporidium durum,WD:Q2382443 | WD:Q19088 | WD:Q764 | WD:Q12899838 | WD:Q473747 | WD:Q28854511 | WD:Q54371560,,,,,,,,,,,,,,pathogenOf,Pogonomyrmex barbatus,Life | Cellular Organisms | Eukaryota | Opisthokonta | Metazoa | Bilateria | Protostomia | Ecdysozoa | Arthropoda | Pancrustacea | Hexapoda | Insecta | Pterygota | Neoptera | Endopterygota | Hymenoptera | Apocrita | Aculeata | Vespoidea | Formicidae | Pogonomyrmex | Pogonomyrmex barbatus,EOL:2913056 | EOL:6061725 | EOL:2908256 | EOL:2910700 | EOL:1 | EOL:3014411 | EOL:10459935 | EOL:8880788 | EOL:164 | EOL:10578120 | EOL:2634370 | EOL:344 | EOL:2634372 | EOL:1327472 | EOL:3016961 | EOL:648 | EOL:2717184 | EOL:2723467 | EOL:698 | EOL:699 | EOL:34294 | EOL:599428,,,,,,,,,,,,,,,,,"Sanchez-Pena, S.R., Buschinger, A., Humber, R.A., 1993. Myrmicinosporidium durum, an enigmatic fungal parasite of ants. J. Invert. Pathol. 61: 90-96.",,"Sarah E Miller. 12/13/2016. Species associations manually extracted from Onstad, D.W. EDWIP: Ecological Database of the World's Insect Pathogens. Champaign, Illinois: Illinois Natural History Survey, [23/11/2016]. http://insectweb.inhs.uiuc.edu/Pathogens/EDWIP.",https://zenodo.org/records/258220/files/millerse/Ecological-Database-of-the-World-s-Insect-Pathogens-v1.0.zip
Beauveria bassiana,Life | Cellular Organisms | Eukaryota | Opisthokonta | Nucletmycea | Fungi | Dikarya | Ascomycota | Sordariomycetes | Hypocreales | Cordycipitaceae | Beauveria | Beauveria bassiana,EOL:2913056 | EOL:6061725 | EOL:2908256 | EOL:2910700 | EOL:46702381 | EOL:46702383 | EOL:10594877 | EOL:5577 | EOL:2858320 | EOL:5645 | EOL:8565449 | EOL:16601 | EOL:160292,,,,,,,,,,,,,,pathogenOf,Solenopsis saevissima,Life | Cellular Organisms | Eukaryota | Opisthokonta | Metazoa | Bilateria | Protostomia | Ecdysozoa | Arthropoda | Pancrustacea | Hexapoda | Insecta | Pterygota | Neoptera | Endopterygota | Hymenoptera | Apocrita | Aculeata | Vespoidea | Formicidae | Solenopsis | Solenopsis saevissima,EOL:2913056 | EOL:6061725 | EOL:2908256 | EOL:2910700 | EOL:1 | EOL:3014411 | EOL:10459935 | EOL:8880788 | EOL:164 | EOL:10578120 | EOL:2634370 | EOL:344 | EOL:2634372 | EOL:1327472 | EOL:3016961 | EOL:648 | EOL:2717184 | EOL:2723467 | EOL:698 | EOL:699 | EOL:33045 | EOL:467425,,,,,,,,,,,,,,,,,"Onstad, D.W. EDWIP: Ecological Database of the World's Insect Pathogens. Champaign, Illinois: Illinois Natural History Survey, [23/11/2016]. http://insectweb.inhs.uiuc.edu/Pathogens/EDWIP",,"Sarah E Miller. 12/13/2016. Species associations manually extracted from Onstad, D.W. EDWIP: Ecological Database of the World's Insect Pathogens. Champaign, Illinois: Illinois Natural History Survey, [23/11/2016]. http://insectweb.inhs.uiuc.edu/Pathogens/EDWIP.",https://zenodo.org/records/258220/files/millerse/Ecological-Database-of-the-World-s-Insect-Pathogens-v1.0.zip
Beauveria bassiana,Life | Cellular Organisms | Eukaryota | Opisthokonta | Nucletmycea | Fungi | Dikarya | Ascomycota | Sordariomycetes | Hypocreales | Cordycipitaceae | Beauveria | Beauveria bassiana,EOL:2913056 | EOL:6061725 | EOL:2908256 | EOL:2910700 | EOL:46702381 | EOL:46702383 | EOL:10594877 | EOL:5577 | EOL:2858320 | EOL:5645 | EOL:8565449 | EOL:16601 | EOL:160292,,,,,,,,,,,,,,pathogenOf,Solenopsis xyloni,Life | Cellular Organisms | Eukaryota | Opisthokonta | Metazoa | Bilateria | Protostomia | Ecdysozoa | Arthropoda | Pancrustacea | Hexapoda | Insecta | Pterygota | Neoptera | Endopterygota | Hymenoptera | Apocrita | Aculeata | Vespoidea | Formicidae | Solenopsis | Solenopsis xyloni,EOL:2913056 | EOL:6061725 | EOL:2908256 | EOL:2910700 | EOL:1 | EOL:3014411 | EOL:10459935 | EOL:8880788 | EOL:164 | EOL:10578120 | EOL:2634370 | EOL:344 | EOL:2634372 | EOL:1327472 | EOL:3016961 | EOL:648 | EOL:2717184 | EOL:2723467 | EOL:698 | EOL:699 | EOL:33045 | EOL:599614,,,,,,,,,,,,,,,,,"Onstad, D.W. EDWIP: Ecological Database of the World's Insect Pathogens. Champaign, Illinois: Illinois Natural History Survey, [23/11/2016]. http://insectweb.inhs.uiuc.edu/Pathogens/EDWIP",,"Sarah E Miller. 12/13/2016. Species associations manually extracted from Onstad, D.W. EDWIP: Ecological Database of the World's Insect Pathogens. Champaign, Illinois: Illinois Natural History Survey, [23/11/2016]. http://insectweb.inhs.uiuc.edu/Pathogens/EDWIP.",https://zenodo.org/records/258220/files/millerse/Ecological-Database-of-the-World-s-Insect-Pathogens-v1.0.zip
Burenella dimorpha,Life | Cellular Organisms | Eukaryota | Opisthokonta | Nucletmycea | Fungi | Microsporidia | Pansporoblastina | Burenellidae | Burenella | Burenella dimorpha,EOL:2913056 | EOL:6061725 | EOL:2908256 | EOL:2910700 | EOL:46702381 | EOL:46702383 | EOL:5006395 | EOL:11926996 | EOL:4955826 | EOL:2910922 | EOL:5006289,,,,,,,,,,,,,,pathogenOf,Solenopsis xyloni,Life | Cellular Organisms | Eukaryota | Opisthokonta | Metazoa | Bilateria | Protostomia | Ecdysozoa | Arthropoda | Pancrustacea | Hexapoda | Insecta | Pterygota | Neoptera | Endopterygota | Hymenoptera | Apocrita | Aculeata | Vespoidea | Formicidae | Solenopsis | Solenopsis xyloni,EOL:2913056 | EOL:6061725 | EOL:2908256 | EOL:2910700 | EOL:1 | EOL:3014411 | EOL:10459935 | EOL:8880788 | EOL:164 | EOL:10578120 | EOL:2634370 | EOL:344 | EOL:2634372 | EOL:1327472 | EOL:3016961 | EOL:648 | EOL:2717184 | EOL:2723467 | EOL:698 | EOL:699 | EOL:33045 | EOL:599614,,,,,,,,,,,,,,,,,"Jouvenaz, D.P., and Lofgren, C.S., 1984. Host specificity of Burenella dimorpha (Microspora: Microsporida). J. Invertebr. Pathol. 43: 441-442.",,"Sarah E Miller. 12/13/2016. Species associations manually extracted from Onstad, D.W. EDWIP: Ecological Database of the World's Insect Pathogens. Champaign, Illinois: Illinois Natural History Survey, [23/11/2016]. http://insectweb.inhs.uiuc.edu/Pathogens/EDWIP.",https://zenodo.org/records/258220/files/millerse/Ecological-Database-of-the-World-s-Insect-Pathogens-v1.0.zip
Metarhizium anisopliae,Life | Cellular Organisms | Eukaryota | Opisthokonta | Nucletmycea | Fungi | Dikarya | Ascomycota | Sordariomycetes | Hypocreales | Clavicipitaceae | Metarhizium | Metarhizium anisopliae,EOL:2913056 | EOL:6061725 | EOL:2908256 | EOL:2910700 | EOL:46702381 | EOL:46702383 | EOL:10594877 | EOL:5577 | EOL:2858320 | EOL:5645 | EOL:5648 | EOL:21271 | EOL:992622,,,,,,,,,,,,,,pathogenOf,Solenopsis richteri,Life | Cellular Organisms | Eukaryota | Opisthokonta | Metazoa | Bilateria | Protostomia | Ecdysozoa | Arthropoda | Pancrustacea | Hexapoda | Insecta | Pterygota | Neoptera | Endopterygota | Hymenoptera | Apocrita | Aculeata | Vespoidea | Formicidae | Solenopsis | Solenopsis richteri,EOL:2913056 | EOL:6061725 | EOL:2908256 | EOL:2910700 | EOL:1 | EOL:3014411 | EOL:10459935 | EOL:8880788 | EOL:164 | EOL:10578120 | EOL:2634370 | EOL:344 | EOL:2634372 | EOL:1327472 | EOL:3016961 | EOL:648 | EOL:2717184 | EOL:2723467 | EOL:698 | EOL:699 | EOL:33045 | EOL:599617,,,,,,,,,,,,,,,,,"Steinhaus, E.A.; and Marsh, G.A. 1967. Previously unreported accessions for diagnosis and new records. Journal of Invertebrate Pathology 9(3):436-438",,"Sarah E Miller. 12/13/2016. Species associations manually extracted from Onstad, D.W. EDWIP: Ecological Database of the World's Insect Pathogens. Champaign, Illinois: Illinois Natural History Survey, [23/11/2016]. http://insectweb.inhs.uiuc.edu/Pathogens/EDWIP.",https://zenodo.org/records/258220/files/millerse/Ecological-Database-of-the-World-s-Insect-Pathogens-v1.0.zip
Burenella dimorpha,Life | Cellular Organisms | Eukaryota | Opisthokonta | Nucletmycea | Fungi | Microsporidia | Pansporoblastina | Burenellidae | Burenella | Burenella dimorpha,EOL:2913056 | EOL:6061725 | EOL:2908256 | EOL:2910700 | EOL:46702381 | EOL:46702383 | EOL:5006395 | EOL:11926996 | EOL:4955826 | EOL:2910922 | EOL:5006289,,,,,,,,,,,,,,pathogenOf,Solenopsis richteri,Life | Cellular Organisms | Eukaryota | Opisthokonta | Metazoa | Bilateria | Protostomia | Ecdysozoa | Arthropoda | Pancrustacea | Hexapoda | Insecta | Pterygota | Neoptera | Endopterygota | Hymenoptera | Apocrita | Aculeata | Vespoidea | Formicidae | Solenopsis | Solenopsis richteri,EOL:2913056 | EOL:6061725 | EOL:2908256 | EOL:2910700 | EOL:1 | EOL:3014411 | EOL:10459935 | EOL:8880788 | EOL:164 | EOL:10578120 | EOL:2634370 | EOL:344 | EOL:2634372 | EOL:1327472 | EOL:3016961 | EOL:648 | EOL:2717184 | EOL:2723467 | EOL:698 | EOL:699 | EOL:33045 | EOL:599617,,,,,,,,,,,,,,,,,"Jouvenaz, D.P., and Lofgren, C.S., 1984. Host specificity of Burenella dimorpha (Microspora: Microsporida). J. Invertebr. Pathol. 43: 441-442.",,"Sarah E Miller. 12/13/2016. Species associations manually extracted from Onstad, D.W. EDWIP: Ecological Database of the World's Insect Pathogens. Champaign, Illinois: Illinois Natural History Survey, [23/11/2016]. http://insectweb.inhs.uiuc.edu/Pathogens/EDWIP.",https://zenodo.org/records/258220/files/millerse/Ecological-Database-of-the-World-s-Insect-Pathogens-v1.0.zip
Burenella dimorpha,Life | Cellular Organisms | Eukaryota | Opisthokonta | Nucletmycea | Fungi | Microsporidia | Pansporoblastina | Burenellidae | Burenella | Burenella dimorpha,EOL:2913056 | EOL:6061725 | EOL:2908256 | EOL:2910700 | EOL:46702381 | EOL:46702383 | EOL:5006395 | EOL:11926996 | EOL:4955826 | EOL:2910922 | EOL:5006289,,,,,,,,,,,,,,pathogenOf,Solenopsis geminata,Life | Cellular Organisms | Eukaryota | Opisthokonta | Metazoa | Bilateria | Protostomia | Ecdysozoa | Arthropoda | Pancrustacea | Hexapoda | Insecta | Pterygota | Neoptera | Endopterygota | Hymenoptera | Apocrita | Aculeata | Vespoidea | Formicidae | Solenopsis | Solenopsis geminata,EOL:2913056 | EOL:6061725 | EOL:2908256 | EOL:2910700 | EOL:1 | EOL:3014411 | EOL:10459935 | EOL:8880788 | EOL:164 | EOL:10578120 | EOL:2634370 | EOL:344 | EOL:2634372 | EOL:1327472 | EOL:3016961 | EOL:648 | EOL:2717184 | EOL:2723467 | EOL:698 | EOL:699 | EOL:33045 | EOL:599618,,,,,,,,,,,,,,,,,"Sprague, V., Becnel, J. J., and Hazard, E. I., 1992. Taxonomy of phylum Microspora. Critical Reviews in Microbiology. 18(5/6): 285-395. CRC Press, Inc.; Jouvenaz, D.P., Ellis, E.A., and Lonfgren, C.S., 1984. Histopathology of the tropical fire ant, Solenopsis geminata, infected with Burunella dimorpha (Microspora: Microsporida). J. Invertebr. Pathol. 43: 324-332.; Jouvenaz, D. P., and Hazard, E. I., 1978. New family, genus, and species of Microsporida (Protozoa: Microsporida) from the tropical fire ant, Solenopsis geminata (Fabricius) (Insecta: Formicidae). J. Protozool. 25: 24-29.; Jouvenaz, D. P. and Hazard, E. I., 1978. New family, Genus, and species of Microsporida (Protozoa: Microsporida) from the tropical fire ant, Solenopsis geminata (Fabricius) ( Insecta: Formicidae). J. Protozool. 25: 24-29.",,"Sarah E Miller. 12/13/2016. Species associations manually extracted from Onstad, D.W. EDWIP: Ecological Database of the World's Insect Pathogens. Champaign, Illinois: Illinois Natural History Survey, [23/11/2016]. http://insectweb.inhs.uiuc.edu/Pathogens/EDWIP.",https://zenodo.org/records/258220/files/millerse/Ecological-Database-of-the-World-s-Insect-Pathogens-v1.0.zip
Burenella dimorpha,Life | Cellular Organisms | Eukaryota | Opisthokonta | Nucletmycea | Fungi | Microsporidia | Pansporoblastina | Burenellidae | Burenella | Burenella dimorpha,EOL:2913056 | EOL:6061725 | EOL:2908256 | EOL:2910700 | EOL:46702381 | EOL:46702383 | EOL:5006395 | EOL:11926996 | EOL:4955826 | EOL:2910922 | EOL:5006289,,,,,,,,,,,,,,pathogenOf,Solenopsis geminata,Life | Cellular Organisms | Eukaryota | Opisthokonta | Metazoa | Bilateria | Protostomia | Ecdysozoa | Arthropoda | Pancrustacea | Hexapoda | Insecta | Pterygota | Neoptera | Endopterygota | Hymenoptera | Apocrita | Aculeata | Vespoidea | Formicidae | Solenopsis | Solenopsis geminata,EOL:2913056 | EOL:6061725 | EOL:2908256 | EOL:2910700 | EOL:1 | EOL:3014411 | EOL:10459935 | EOL:8880788 | EOL:164 | EOL:10578120 | EOL:2634370 | EOL:344 | EOL:2634372 | EOL:1327472 | EOL:3016961 | EOL:648 | EOL:2717184 | EOL:2723467 | EOL:698 | EOL:699 | EOL:33045 | EOL:599618,,,,,,,,,,,,,,,,,"Sprague, V., Becnel, J. J., and Hazard, E. I., 1992. Taxonomy of phylum Microspora. Critical Reviews in Microbiology. 18(5/6): 285-395. CRC Press, Inc.; Jouvenaz, D.P., Ellis, E.A., and Lonfgren, C.S., 1984. Histopathology of the tropical fire ant, Solenopsis geminata, infected with Burunella dimorpha (Microspora: Microsporida). J. Invertebr. Pathol. 43: 324-332.; Jouvenaz, D. P., and Hazard, E. I., 1978. New family, genus, and species of Microsporida (Protozoa: Microsporida) from the tropical fire ant, Solenopsis geminata (Fabricius) (Insecta: Formicidae). J. Protozool. 25: 24-29.; Jouvenaz, D. P. and Hazard, E. I., 1978. New family, Genus, and species of Microsporida (Protozoa: Microsporida) from the tropical fire ant, Solenopsis geminata (Fabricius) ( Insecta: Formicidae). J. Protozool. 25: 24-29.",,"Sarah E Miller. 12/13/2016. Species associations manually extracted from Onstad, D.W. EDWIP: Ecological Database of the World's Insect Pathogens. Champaign, Illinois: Illinois Natural History Survey, [23/11/2016]. http://insectweb.inhs.uiuc.edu/Pathogens/EDWIP.",https://zenodo.org/records/258220/files/millerse/Ecological-Database-of-the-World-s-Insect-Pathogens-v1.0.zip
Burenella dimorpha,Life | Cellular Organisms | Eukaryota | Opisthokonta | Nucletmycea | Fungi | Microsporidia | Pansporoblastina | Burenellidae | Burenella | Burenella dimorpha,EOL:2913056 | EOL:6061725 | EOL:2908256 | EOL:2910700 | EOL:46702381 | EOL:46702383 | EOL:5006395 | EOL:11926996 | EOL:4955826 | EOL:2910922 | EOL:5006289,,,,,,,,,,,,,,pathogenOf,Solenopsis geminata,Life | Cellular Organisms | Eukaryota | Opisthokonta | Metazoa | Bilateria | Protostomia | Ecdysozoa | Arthropoda | Pancrustacea | Hexapoda | Insecta | Pterygota | Neoptera | Endopterygota | Hymenoptera | Apocrita | Aculeata | Vespoidea | Formicidae | Solenopsis | Solenopsis geminata,EOL:2913056 | EOL:6061725 | EOL:2908256 | EOL:2910700 | EOL:1 | EOL:3014411 | EOL:10459935 | EOL:8880788 | EOL:164 | EOL:10578120 | EOL:2634370 | EOL:344 | EOL:2634372 | EOL:1327472 | EOL:3016961 | EOL:648 | EOL:2717184 | EOL:2723467 | EOL:698 | EOL:699 | EOL:33045 | EOL:599618,,,,,,,,,,,,,,,,,"Sprague, V., Becnel, J. J., and Hazard, E. I., 1992. Taxonomy of phylum Microspora. Critical Reviews in Microbiology. 18(5/6): 285-395. CRC Press, Inc.; Jouvenaz, D.P., Ellis, E.A., and Lonfgren, C.S., 1984. Histopathology of the tropical fire ant, Solenopsis geminata, infected with Burunella dimorpha (Microspora: Microsporida). J. Invertebr. Pathol. 43: 324-332.; Jouvenaz, D. P., and Hazard, E. I., 1978. New family, genus, and species of Microsporida (Protozoa: Microsporida) from the tropical fire ant, Solenopsis geminata (Fabricius) (Insecta: Formicidae). J. Protozool. 25: 24-29.; Jouvenaz, D. P. and Hazard, E. I., 1978. New family, Genus, and species of Microsporida (Protozoa: Microsporida) from the tropical fire ant, Solenopsis geminata (Fabricius) ( Insecta: Formicidae). J. Protozool. 25: 24-29.",,"Sarah E Miller. 12/13/2016. Species associations manually extracted from Onstad, D.W. EDWIP: Ecological Database of the World's Insect Pathogens. Champaign, Illinois: Illinois Natural History Survey, [23/11/2016]. http://insectweb.inhs.uiuc.edu/Pathogens/EDWIP.",https://zenodo.org/records/258220/files/millerse/Ecological-Database-of-the-World-s-Insect-Pathogens-v1.0.zip
Leucoagaricus gongylophorus,Life | Cellular Organisms | Eukaryota | Opisthokonta | Nucletmycea | Fungi | Dikarya | Basidiomycota | Agaricomycetes | Agaricales | Agaricaceae | Leucoagaricus | Leucoagaricus gongylophorus,EOL:2913056 | EOL:6061725 | EOL:2908256 | EOL:2910700 | EOL:46702381 | EOL:46702383 | EOL:10594877 | EOL:5664 | EOL:2865511 | EOL:5676 | EOL:5966 | EOL:21455 | EOL:195811,,,,,,,,,,,,,,hasHost,Atta laevigata,Animalia | Arthropoda | Insecta | Hymenoptera | Formicidae | Atta | Atta laevigata,GBIF:1 | GBIF:54 | GBIF:216 | GBIF:1457 | GBIF:4342 | GBIF:1323108 | GBIF:5035738,,,,,,,,,,,,,,,,,http://www.ncbi.nlm.nih.gov/nuccore/3851011,http://www.ncbi.nlm.nih.gov/nuccore/3851011,"Sarah E Miller. 4/18/2016. Species associations from Wardeh, M. et al. Database of host-pathogen and related species interactions, and their global distribution. Sci. Data 2:150049 doi: 10.1038/sdata.2015.49 (2015)",https://zenodo.org/records/258189/files/millerse/Wardeh-et-al.-2015-v1.0.zip
Leucoagaricus gongylophorus,Life | Cellular Organisms | Eukaryota | Opisthokonta | Nucletmycea | Fungi | Dikarya | Basidiomycota | Agaricomycetes | Agaricales | Agaricaceae | Leucoagaricus | Leucoagaricus gongylophorus,EOL:2913056 | EOL:6061725 | EOL:2908256 | EOL:2910700 | EOL:46702381 | EOL:46702383 | EOL:10594877 | EOL:5664 | EOL:2865511 | EOL:5676 | EOL:5966 | EOL:21455 | EOL:195811,,,,,,,,,,,,,,hasHost,Atta laevigata,Animalia | Arthropoda | Insecta | Hymenoptera | Formicidae | Atta | Atta laevigata,GBIF:1 | GBIF:54 | GBIF:216 | GBIF:1457 | GBIF:4342 | GBIF:1323108 | GBIF:5035738,,,,,,,,,,,,,,,,,http://www.ncbi.nlm.nih.gov/nuccore/3851037,http://www.ncbi.nlm.nih.gov/nuccore/3851037,"Sarah E Miller. 4/18/2016. Species associations from Wardeh, M. et al. Database of host-pathogen and related species interactions, and their global distribution. Sci. Data 2:150049 doi: 10.1038/sdata.2015.49 (2015)",https://zenodo.org/records/258189/files/millerse/Wardeh-et-al.-2015-v1.0.zip
Leucoagaricus gongylophorus,Life | Cellular Organisms | Eukaryota | Opisthokonta | Nucletmycea | Fungi | Dikarya | Basidiomycota | Agaricomycetes | Agaricales | Agaricaceae | Leucoagaricus | Leucoagaricus gongylophorus,EOL:2913056 | EOL:6061725 | EOL:2908256 | EOL:2910700 | EOL:46702381 | EOL:46702383 | EOL:10594877 | EOL:5664 | EOL:2865511 | EOL:5676 | EOL:5966 | EOL:21455 | EOL:195811,,,,,,,,,,,,,,hasHost,Atta laevigata,Animalia | Arthropoda | Insecta | Hymenoptera | Formicidae | Atta | Atta laevigata,GBIF:1 | GBIF:54 | GBIF:216 | GBIF:1457 | GBIF:4342 | GBIF:1323108 | GBIF:5035738,,,,,,,,,,,,,,,,,http://www.ncbi.nlm.nih.gov/nuccore/3851038,http://www.ncbi.nlm.nih.gov/nuccore/3851038,"Sarah E Miller. 4/18/2016. Species associations from Wardeh, M. et al. Database of host-pathogen and related species interactions, and their global distribution. Sci. Data 2:150049 doi: 10.1038/sdata.2015.49 (2015)",https://zenodo.org/records/258189/files/millerse/Wardeh-et-al.-2015-v1.0.zip
Leucoagaricus gongylophorus,Life | Cellular Organisms | Eukaryota | Opisthokonta | Nucletmycea | Fungi | Dikarya | Basidiomycota | Agaricomycetes | Agaricales | Agaricaceae | Leucoagaricus | Leucoagaricus gongylophorus,EOL:2913056 | EOL:6061725 | EOL:2908256 | EOL:2910700 | EOL:46702381 | EOL:46702383 | EOL:10594877 | EOL:5664 | EOL:2865511 | EOL:5676 | EOL:5966 | EOL:21455 | EOL:195811,,,,,,,,,,,,,,hasHost,Atta laevigata,Animalia | Arthropoda | Insecta | Hymenoptera | Formicidae | Atta | Atta laevigata,GBIF:1 | GBIF:54 | GBIF:216 | GBIF:1457 | GBIF:4342 | GBIF:1323108 | GBIF:5035738,,,,,,,,,,,,,,,,,http://www.ncbi.nlm.nih.gov/nuccore/3851039,http://www.ncbi.nlm.nih.gov/nuccore/3851039,"Sarah E Miller. 4/18/2016. Species associations from Wardeh, M. et al. Database of host-pathogen and related species interactions, and their global distribution. Sci. Data 2:150049 doi: 10.1038/sdata.2015.49 (2015)",https://zenodo.org/records/258189/files/millerse/Wardeh-et-al.-2015-v1.0.zip
Leucoagaricus gongylophorus,Life | Cellular Organisms | Eukaryota | Opisthokonta | Nucletmycea | Fungi | Dikarya | Basidiomycota | Agaricomycetes | Agaricales | Agaricaceae | Leucoagaricus | Leucoagaricus gongylophorus,EOL:2913056 | EOL:6061725 | EOL:2908256 | EOL:2910700 | EOL:46702381 | EOL:46702383 | EOL:10594877 | EOL:5664 | EOL:2865511 | EOL:5676 | EOL:5966 | EOL:21455 | EOL:195811,,,,,,,,,,,,,,hasHost,Atta laevigata,Animalia | Arthropoda | Insecta | Hymenoptera | Formicidae | Atta | Atta laevigata,GBIF:1 | GBIF:54 | GBIF:216 | GBIF:1457 | GBIF:4342 | GBIF:1323108 | GBIF:5035738,,,,,,,,,,,,,,,,,http://www.ncbi.nlm.nih.gov/nuccore/3851040,http://www.ncbi.nlm.nih.gov/nuccore/3851040,"Sarah E Miller. 4/18/2016. Species associations from Wardeh, M. et al. Database of host-pathogen and related species interactions, and their global distribution. Sci. Data 2:150049 doi: 10.1038/sdata.2015.49 (2015)",https://zenodo.org/records/258189/files/millerse/Wardeh-et-al.-2015-v1.0.zip
Leucoagaricus gongylophorus,Life | Cellular Organisms | Eukaryota | Opisthokonta | Nucletmycea | Fungi | Dikarya | Basidiomycota | Agaricomycetes | Agaricales | Agaricaceae | Leucoagaricus | Leucoagaricus gongylophorus,EOL:2913056 | EOL:6061725 | EOL:2908256 | EOL:2910700 | EOL:46702381 | EOL:46702383 | EOL:10594877 | EOL:5664 | EOL:2865511 | EOL:5676 | EOL:5966 | EOL:21455 | EOL:195811,,,,,,,,,,,,,,hasHost,Atta laevigata,Animalia | Arthropoda | Insecta | Hymenoptera | Formicidae | Atta | Atta laevigata,GBIF:1 | GBIF:54 | GBIF:216 | GBIF:1457 | GBIF:4342 | GBIF:1323108 | GBIF:5035738,,,,,,,,,,,,,,,,,http://www.ncbi.nlm.nih.gov/nuccore/3851041,http://www.ncbi.nlm.nih.gov/nuccore/3851041,"Sarah E Miller. 4/18/2016. Species associations from Wardeh, M. et al. Database of host-pathogen and related species interactions, and their global distribution. Sci. Data 2:150049 doi: 10.1038/sdata.2015.49 (2015)",https://zenodo.org/records/258189/files/millerse/Wardeh-et-al.-2015-v1.0.zip
Leucoagaricus gongylophorus,Life | Cellular Organisms | Eukaryota | Opisthokonta | Nucletmycea | Fungi | Dikarya | Basidiomycota | Agaricomycetes | Agaricales | Agaricaceae | Leucoagaricus | Leucoagaricus gongylophorus,EOL:2913056 | EOL:6061725 | EOL:2908256 | EOL:2910700 | EOL:46702381 | EOL:46702383 | EOL:10594877 | EOL:5664 | EOL:2865511 | EOL:5676 | EOL:5966 | EOL:21455 | EOL:195811,,,,,,,,,,,,,,hasHost,Atta laevigata,Animalia | Arthropoda | Insecta | Hymenoptera | Formicidae | Atta | Atta laevigata,GBIF:1 | GBIF:54 | GBIF:216 | GBIF:1457 | GBIF:4342 | GBIF:1323108 | GBIF:5035738,,,,,,,,,,,,,,,,,http://www.ncbi.nlm.nih.gov/nuccore/3851042,http://www.ncbi.nlm.nih.gov/nuccore/3851042,"Sarah E Miller. 4/18/2016. Species associations from Wardeh, M. et al. Database of host-pathogen and related species interactions, and their global distribution. Sci. Data 2:150049 doi: 10.1038/sdata.2015.49 (2015)",https://zenodo.org/records/258189/files/millerse/Wardeh-et-al.-2015-v1.0.zip
Leucoagaricus gongylophorus,Life | Cellular Organisms | Eukaryota | Opisthokonta | Nucletmycea | Fungi | Dikarya | Basidiomycota | Agaricomycetes | Agaricales | Agaricaceae | Leucoagaricus | Leucoagaricus gongylophorus,EOL:2913056 | EOL:6061725 | EOL:2908256 | EOL:2910700 | EOL:46702381 | EOL:46702383 | EOL:10594877 | EOL:5664 | EOL:2865511 | EOL:5676 | EOL:5966 | EOL:21455 | EOL:195811,,,,,,,,,,,,,,hasHost,Atta laevigata,Animalia | Arthropoda | Insecta | Hymenoptera | Formicidae | Atta | Atta laevigata,GBIF:1 | GBIF:54 | GBIF:216 | GBIF:1457 | GBIF:4342 | GBIF:1323108 | GBIF:5035738,,,,,,,,,,,,,,,,,http://www.ncbi.nlm.nih.gov/nuccore/3851043,http://www.ncbi.nlm.nih.gov/nuccore/3851043,"Sarah E Miller. 4/18/2016. Species associations from Wardeh, M. et al. Database of host-pathogen and related species interactions, and their global distribution. Sci. Data 2:150049 doi: 10.1038/sdata.2015.49 (2015)",https://zenodo.org/records/258189/files/millerse/Wardeh-et-al.-2015-v1.0.zip
Leucoagaricus gongylophorus,Life | Cellular Organisms | Eukaryota | Opisthokonta | Nucletmycea | Fungi | Dikarya | Basidiomycota | Agaricomycetes | Agaricales | Agaricaceae | Leucoagaricus | Leucoagaricus gongylophorus,EOL:2913056 | EOL:6061725 | EOL:2908256 | EOL:2910700 | EOL:46702381 | EOL:46702383 | EOL:10594877 | EOL:5664 | EOL:2865511 | EOL:5676 | EOL:5966 | EOL:21455 | EOL:195811,,,,,,,,,,,,,,hasHost,Atta laevigata,Animalia | Arthropoda | Insecta | Hymenoptera | Formicidae | Atta | Atta laevigata,GBIF:1 | GBIF:54 | GBIF:216 | GBIF:1457 | GBIF:4342 | GBIF:1323108 | GBIF:5035738,,,,,,,,,,,,,,,,,http://www.ncbi.nlm.nih.gov/nuccore/3851044,http://www.ncbi.nlm.nih.gov/nuccore/3851044,"Sarah E Miller. 4/18/2016. Species associations from Wardeh, M. et al. Database of host-pathogen and related species interactions, and their global distribution. Sci. Data 2:150049 doi: 10.1038/sdata.2015.49 (2015)",https://zenodo.org/records/258189/files/millerse/Wardeh-et-al.-2015-v1.0.zip
Curvularia geniculata,root | cellular organisms | Eukaryota | Opisthokonta | Fungi | Dikarya | Ascomycota | saccharomyceta | Pezizomycotina | leotiomyceta | dothideomyceta | Dothideomycetes | Pleosporomycetidae | Pleosporales | Pleosporineae | Pleosporaceae | Curvularia | Curvularia geniculata,NCBI:1 | NCBI:131567 | NCBI:2759 | NCBI:33154 | NCBI:4751 | NCBI:451864 | NCBI:4890 | NCBI:716545 | NCBI:147538 | NCBI:716546 | NCBI:715962 | NCBI:147541 | NCBI:451868 | NCBI:92860 | NCBI:715340 | NCBI:28556 | NCBI:5502 | NCBI:418126,,,,,,,,,,,,,,pathogenOf,Atta laevigata,Animalia | Arthropoda | Insecta | Hymenoptera | Formicidae | Atta | Atta laevigata,GBIF:1 | GBIF:54 | GBIF:216 | GBIF:1457 | GBIF:4342 | GBIF:1323108 | GBIF:5035738,,,,,,,,,,,,,,,,,https://pmc.ncbi.nlm.nih.gov/articles/PMC8151820,https://pmc.ncbi.nlm.nih.gov/articles/PMC8151820,"@article {Keck2025.01.24.634685, author = {Keck, Fran{\c c}ois and Broadbent, Henry and Altermatt, Florian},title = {Extracting massive ecological data on state and interactions of species using large language models},year = {2025},doi = {10.1101/2025.01.24.634685},journal = {bioRxiv}}",https://github.com/fkeck/gpt_interactions/archive/8eb44867f49875c46ceaebc3a6cd8dfb8bf68ef6.zip
Curvularia geniculata,root | cellular organisms | Eukaryota | Opisthokonta | Fungi | Dikarya | Ascomycota | saccharomyceta | Pezizomycotina | leotiomyceta | dothideomyceta | Dothideomycetes | Pleosporomycetidae | Pleosporales | Pleosporineae | Pleosporaceae | Curvularia | Curvularia geniculata,NCBI:1 | NCBI:131567 | NCBI:2759 | NCBI:33154 | NCBI:4751 | NCBI:451864 | NCBI:4890 | NCBI:716545 | NCBI:147538 | NCBI:716546 | NCBI:715962 | NCBI:147541 | NCBI:451868 | NCBI:92860 | NCBI:715340 | NCBI:28556 | NCBI:5502 | NCBI:418126,,,,,,,,,,,,,,pathogenOf,Atta laevigata,Animalia | Arthropoda | Insecta | Hymenoptera | Formicidae | Atta | Atta laevigata,GBIF:1 | GBIF:54 | GBIF:216 | GBIF:1457 | GBIF:4342 | GBIF:1323108 | GBIF:5035738,,,,,,,,,,,,,,,,,https://pmc.ncbi.nlm.nih.gov/articles/PMC8151820,https://pmc.ncbi.nlm.nih.gov/articles/PMC8151820,"@article {Keck2025.01.24.634685, author = {Keck, Fran{\c c}ois and Broadbent, Henry and Altermatt, Florian},title = {Extracting massive ecological data on state and interactions of species using large language models},year = {2025},doi = {10.1101/2025.01.24.634685},journal = {bioRxiv}}",https://github.com/fkeck/gpt_interactions/archive/8eb44867f49875c46ceaebc3a6cd8dfb8bf68ef6.zip
Leucoagaricus gongylophorus,Life | Cellular Organisms | Eukaryota | Opisthokonta | Nucletmycea | Fungi | Dikarya | Basidiomycota | Agaricomycetes | Agaricales | Agaricaceae | Leucoagaricus | Leucoagaricus gongylophorus,EOL:2913056 | EOL:6061725 | EOL:2908256 | EOL:2910700 | EOL:46702381 | EOL:46702383 | EOL:10594877 | EOL:5664 | EOL:2865511 | EOL:5676 | EOL:5966 | EOL:21455 | EOL:195811,https://www.ncbi.nlm.nih.gov/nuccore/3851040,,,,,,,,,,,,,hasHost,Atta laevigata,Animalia | Arthropoda | Insecta | Hymenoptera | Formicidae | Atta | Atta laevigata,GBIF:1 | GBIF:54 | GBIF:216 | GBIF:1457 | GBIF:4342 | GBIF:1323108 | GBIF:5035738,,,,,,,,,,,,,,,,,"Wardeh, M., Risley, C., McIntyre, M. et al. Database of host-pathogen and related species interactions, and their global distribution. Sci Data 2, 150049 (2015). https://doi.org/10.1038/sdata.2015.49. Accessed at <https://github.com/globalbioticinteractions/wardeh2015/archive/9017c75c40739bfcb7fe33ff6cb4a64b344d18f8.zip> on 11 Apr 2026.",https://doi.org/10.1038/sdata.2015.49,"Wardeh, M., Risley, C., McIntyre, M. et al. Database of host-pathogen and related species interactions, and their global distribution. Sci Data 2, 150049 (2015). https://doi.org/10.1038/sdata.2015.49",https://github.com/globalbioticinteractions/wardeh2015/archive/9017c75c40739bfcb7fe33ff6cb4a64b344d18f8.zip
Leucoagaricus gongylophorus,Life | Cellular Organisms | Eukaryota | Opisthokonta | Nucletmycea | Fungi | Dikarya | Basidiomycota | Agaricomycetes | Agaricales | Agaricaceae | Leucoagaricus | Leucoagaricus gongylophorus,EOL:2913056 | EOL:6061725 | EOL:2908256 | EOL:2910700 | EOL:46702381 | EOL:46702383 | EOL:10594877 | EOL:5664 | EOL:2865511 | EOL:5676 | EOL:5966 | EOL:21455 | EOL:195811,https://www.ncbi.nlm.nih.gov/nuccore/3851044,,,,,,,,,,,,,hasHost,Atta laevigata,Animalia | Arthropoda | Insecta | Hymenoptera | Formicidae | Atta | Atta laevigata,GBIF:1 | GBIF:54 | GBIF:216 | GBIF:1457 | GBIF:4342 | GBIF:1323108 | GBIF:5035738,,,,,,,,,,,,,,,,,"Wardeh, M., Risley, C., McIntyre, M. et al. Database of host-pathogen and related species interactions, and their global distribution. Sci Data 2, 150049 (2015). https://doi.org/10.1038/sdata.2015.49. Accessed at <https://github.com/globalbioticinteractions/wardeh2015/archive/9017c75c40739bfcb7fe33ff6cb4a64b344d18f8.zip> on 11 Apr 2026.",https://doi.org/10.1038/sdata.2015.49,"Wardeh, M., Risley, C., McIntyre, M. et al. Database of host-pathogen and related species interactions, and their global distribution. Sci Data 2, 150049 (2015). https://doi.org/10.1038/sdata.2015.49",https://github.com/globalbioticinteractions/wardeh2015/archive/9017c75c40739bfcb7fe33ff6cb4a64b344d18f8.zip
Leucoagaricus gongylophorus,Life | Cellular Organisms | Eukaryota | Opisthokonta | Nucletmycea | Fungi | Dikarya | Basidiomycota | Agaricomycetes | Agaricales | Agaricaceae | Leucoagaricus | Leucoagaricus gongylophorus,EOL:2913056 | EOL:6061725 | EOL:2908256 | EOL:2910700 | EOL:46702381 | EOL:46702383 | EOL:10594877 | EOL:5664 | EOL:2865511 | EOL:5676 | EOL:5966 | EOL:21455 | EOL:195811,https://www.ncbi.nlm.nih.gov/nuccore/3851042,,,,,,,,,,,,,hasHost,Atta laevigata,Animalia | Arthropoda | Insecta | Hymenoptera | Formicidae | Atta | Atta laevigata,GBIF:1 | GBIF:54 | GBIF:216 | GBIF:1457 | GBIF:4342 | GBIF:1323108 | GBIF:5035738,,,,,,,,,,,,,,,,,"Wardeh, M., Risley, C., McIntyre, M. et al. Database of host-pathogen and related species interactions, and their global distribution. Sci Data 2, 150049 (2015). https://doi.org/10.1038/sdata.2015.49. Accessed at <https://github.com/globalbioticinteractions/wardeh2015/archive/9017c75c40739bfcb7fe33ff6cb4a64b344d18f8.zip> on 11 Apr 2026.",https://doi.org/10.1038/sdata.2015.49,"Wardeh, M., Risley, C., McIntyre, M. et al. Database of host-pathogen and related species interactions, and their global distribution. Sci Data 2, 150049 (2015). https://doi.org/10.1038/sdata.2015.49",https://github.com/globalbioticinteractions/wardeh2015/archive/9017c75c40739bfcb7fe33ff6cb4a64b344d18f8.zip
Leucoagaricus gongylophorus,Life | Cellular Organisms | Eukaryota | Opisthokonta | Nucletmycea | Fungi | Dikarya | Basidiomycota | Agaricomycetes | Agaricales | Agaricaceae | Leucoagaricus | Leucoagaricus gongylophorus,EOL:2913056 | EOL:6061725 | EOL:2908256 | EOL:2910700 | EOL:46702381 | EOL:46702383 | EOL:10594877 | EOL:5664 | EOL:2865511 | EOL:5676 | EOL:5966 | EOL:21455 | EOL:195811,https://www.ncbi.nlm.nih.gov/nuccore/3851011,,,,,,,,,,,,,hasHost,Atta laevigata,Animalia | Arthropoda | Insecta | Hymenoptera | Formicidae | Atta | Atta laevigata,GBIF:1 | GBIF:54 | GBIF:216 | GBIF:1457 | GBIF:4342 | GBIF:1323108 | GBIF:5035738,,,,,,,,,,,,,,,,,"Wardeh, M., Risley, C., McIntyre, M. et al. Database of host-pathogen and related species interactions, and their global distribution. Sci Data 2, 150049 (2015). https://doi.org/10.1038/sdata.2015.49. Accessed at <https://github.com/globalbioticinteractions/wardeh2015/archive/9017c75c40739bfcb7fe33ff6cb4a64b344d18f8.zip> on 11 Apr 2026.",https://doi.org/10.1038/sdata.2015.49,"Wardeh, M., Risley, C., McIntyre, M. et al. Database of host-pathogen and related species interactions, and their global distribution. Sci Data 2, 150049 (2015). https://doi.org/10.1038/sdata.2015.49",https://github.com/globalbioticinteractions/wardeh2015/archive/9017c75c40739bfcb7fe33ff6cb4a64b344d18f8.zip
Leucoagaricus gongylophorus,Life | Cellular Organisms | Eukaryota | Opisthokonta | Nucletmycea | Fungi | Dikarya | Basidiomycota | Agaricomycetes | Agaricales | Agaricaceae | Leucoagaricus | Leucoagaricus gongylophorus,EOL:2913056 | EOL:6061725 | EOL:2908256 | EOL:2910700 | EOL:46702381 | EOL:46702383 | EOL:10594877 | EOL:5664 | EOL:2865511 | EOL:5676 | EOL:5966 | EOL:21455 | EOL:195811,https://www.ncbi.nlm.nih.gov/nuccore/3851038,,,,,,,,,,,,,hasHost,Atta laevigata,Animalia | Arthropoda | Insecta | Hymenoptera | Formicidae | Atta | Atta laevigata,GBIF:1 | GBIF:54 | GBIF:216 | GBIF:1457 | GBIF:4342 | GBIF:1323108 | GBIF:5035738,,,,,,,,,,,,,,,,,"Wardeh, M., Risley, C., McIntyre, M. et al. Database of host-pathogen and related species interactions, and their global distribution. Sci Data 2, 150049 (2015). https://doi.org/10.1038/sdata.2015.49. Accessed at <https://github.com/globalbioticinteractions/wardeh2015/archive/9017c75c40739bfcb7fe33ff6cb4a64b344d18f8.zip> on 11 Apr 2026.",https://doi.org/10.1038/sdata.2015.49,"Wardeh, M., Risley, C., McIntyre, M. et al. Database of host-pathogen and related species interactions, and their global distribution. Sci Data 2, 150049 (2015). https://doi.org/10.1038/sdata.2015.49",https://github.com/globalbioticinteractions/wardeh2015/archive/9017c75c40739bfcb7fe33ff6cb4a64b344d18f8.zip
Leucoagaricus gongylophorus,Life | Cellular Organisms | Eukaryota | Opisthokonta | Nucletmycea | Fungi | Dikarya | Basidiomycota | Agaricomycetes | Agaricales | Agaricaceae | Leucoagaricus | Leucoagaricus gongylophorus,EOL:2913056 | EOL:6061725 | EOL:2908256 | EOL:2910700 | EOL:46702381 | EOL:46702383 | EOL:10594877 | EOL:5664 | EOL:2865511 | EOL:5676 | EOL:5966 | EOL:21455 | EOL:195811,https://www.ncbi.nlm.nih.gov/nuccore/3851043,,,,,,,,,,,,,hasHost,Atta laevigata,Animalia | Arthropoda | Insecta | Hymenoptera | Formicidae | Atta | Atta laevigata,GBIF:1 | GBIF:54 | GBIF:216 | GBIF:1457 | GBIF:4342 | GBIF:1323108 | GBIF:5035738,,,,,,,,,,,,,,,,,"Wardeh, M., Risley, C., McIntyre, M. et al. Database of host-pathogen and related species interactions, and their global distribution. Sci Data 2, 150049 (2015). https://doi.org/10.1038/sdata.2015.49. Accessed at <https://github.com/globalbioticinteractions/wardeh2015/archive/9017c75c40739bfcb7fe33ff6cb4a64b344d18f8.zip> on 11 Apr 2026.",https://doi.org/10.1038/sdata.2015.49,"Wardeh, M., Risley, C., McIntyre, M. et al. Database of host-pathogen and related species interactions, and their global distribution. Sci Data 2, 150049 (2015). https://doi.org/10.1038/sdata.2015.49",https://github.com/globalbioticinteractions/wardeh2015/archive/9017c75c40739bfcb7fe33ff6cb4a64b344d18f8.zip
Leucoagaricus gongylophorus,Life | Cellular Organisms | Eukaryota | Opisthokonta | Nucletmycea | Fungi | Dikarya | Basidiomycota | Agaricomycetes | Agaricales | Agaricaceae | Leucoagaricus | Leucoagaricus gongylophorus,EOL:2913056 | EOL:6061725 | EOL:2908256 | EOL:2910700 | EOL:46702381 | EOL:46702383 | EOL:10594877 | EOL:5664 | EOL:2865511 | EOL:5676 | EOL:5966 | EOL:21455 | EOL:195811,https://www.ncbi.nlm.nih.gov/nuccore/3851041,,,,,,,,,,,,,hasHost,Atta laevigata,Animalia | Arthropoda | Insecta | Hymenoptera | Formicidae | Atta | Atta laevigata,GBIF:1 | GBIF:54 | GBIF:216 | GBIF:1457 | GBIF:4342 | GBIF:1323108 | GBIF:5035738,,,,,,,,,,,,,,,,,"Wardeh, M., Risley, C., McIntyre, M. et al. Database of host-pathogen and related species interactions, and their global distribution. Sci Data 2, 150049 (2015). https://doi.org/10.1038/sdata.2015.49. Accessed at <https://github.com/globalbioticinteractions/wardeh2015/archive/9017c75c40739bfcb7fe33ff6cb4a64b344d18f8.zip> on 11 Apr 2026.",https://doi.org/10.1038/sdata.2015.49,"Wardeh, M., Risley, C., McIntyre, M. et al. Database of host-pathogen and related species interactions, and their global distribution. Sci Data 2, 150049 (2015). https://doi.org/10.1038/sdata.2015.49",https://github.com/globalbioticinteractions/wardeh2015/archive/9017c75c40739bfcb7fe33ff6cb4a64b344d18f8.zip
Leucoagaricus gongylophorus,Life | Cellular Organisms | Eukaryota | Opisthokonta | Nucletmycea | Fungi | Dikarya | Basidiomycota | Agaricomycetes | Agaricales | Agaricaceae | Leucoagaricus | Leucoagaricus gongylophorus,EOL:2913056 | EOL:6061725 | EOL:2908256 | EOL:2910700 | EOL:46702381 | EOL:46702383 | EOL:10594877 | EOL:5664 | EOL:2865511 | EOL:5676 | EOL:5966 | EOL:21455 | EOL:195811,https://www.ncbi.nlm.nih.gov/nuccore/3851037,,,,,,,,,,,,,hasHost,Atta laevigata,Animalia | Arthropoda | Insecta | Hymenoptera | Formicidae | Atta | Atta laevigata,GBIF:1 | GBIF:54 | GBIF:216 | GBIF:1457 | GBIF:4342 | GBIF:1323108 | GBIF:5035738,,,,,,,,,,,,,,,,,"Wardeh, M., Risley, C., McIntyre, M. et al. Database of host-pathogen and related species interactions, and their global distribution. Sci Data 2, 150049 (2015). https://doi.org/10.1038/sdata.2015.49. Accessed at <https://github.com/globalbioticinteractions/wardeh2015/archive/9017c75c40739bfcb7fe33ff6cb4a64b344d18f8.zip> on 11 Apr 2026.",https://doi.org/10.1038/sdata.2015.49,"Wardeh, M., Risley, C., McIntyre, M. et al. Database of host-pathogen and related species interactions, and their global distribution. Sci Data 2, 150049 (2015). https://doi.org/10.1038/sdata.2015.49",https://github.com/globalbioticinteractions/wardeh2015/archive/9017c75c40739bfcb7fe33ff6cb4a64b344d18f8.zip
Leucoagaricus gongylophorus,Life | Cellular Organisms | Eukaryota | Opisthokonta | Nucletmycea | Fungi | Dikarya | Basidiomycota | Agaricomycetes | Agaricales | Agaricaceae | Leucoagaricus | Leucoagaricus gongylophorus,EOL:2913056 | EOL:6061725 | EOL:2908256 | EOL:2910700 | EOL:46702381 | EOL:46702383 | EOL:10594877 | EOL:5664 | EOL:2865511 | EOL:5676 | EOL:5966 | EOL:21455 | EOL:195811,https://www.ncbi.nlm.nih.gov/nuccore/3851039,,,,,,,,,,,,,hasHost,Atta laevigata,Animalia | Arthropoda | Insecta | Hymenoptera | Formicidae | Atta | Atta laevigata,GBIF:1 | GBIF:54 | GBIF:216 | GBIF:1457 | GBIF:4342 | GBIF:1323108 | GBIF:5035738,,,,,,,,,,,,,,,,,"Wardeh, M., Risley, C., McIntyre, M. et al. Database of host-pathogen and related species interactions, and their global distribution. Sci Data 2, 150049 (2015). https://doi.org/10.1038/sdata.2015.49. Accessed at <https://github.com/globalbioticinteractions/wardeh2015/archive/9017c75c40739bfcb7fe33ff6cb4a64b344d18f8.zip> on 11 Apr 2026.",https://doi.org/10.1038/sdata.2015.49,"Wardeh, M., Risley, C., McIntyre, M. et al. Database of host-pathogen and related species interactions, and their global distribution. Sci Data 2, 150049 (2015). https://doi.org/10.1038/sdata.2015.49",https://github.com/globalbioticinteractions/wardeh2015/archive/9017c75c40739bfcb7fe33ff6cb4a64b344d18f8.zip
Myrmicinosporidium durum,Biota | Eukaryota | Fungi | Eumycota | Chytridiomycota | Myrmicinosporidium | Myrmicinosporidium durum,WD:Q2382443 | WD:Q19088 | WD:Q764 | WD:Q12899838 | WD:Q473747 | WD:Q28854511 | WD:Q54371560,,,,,,,,,,,,,,pathogenOf,Solenopsis fugax,Life | Cellular Organisms | Eukaryota | Opisthokonta | Metazoa | Bilateria | Protostomia | Ecdysozoa | Arthropoda | Pancrustacea | Hexapoda | Insecta | Pterygota | Neoptera | Endopterygota | Hymenoptera | Apocrita | Aculeata | Vespoidea | Formicidae | Solenopsis | Solenopsis fugax,EOL:2913056 | EOL:6061725 | EOL:2908256 | EOL:2910700 | EOL:1 | EOL:3014411 | EOL:10459935 | EOL:8880788 | EOL:164 | EOL:10578120 | EOL:2634370 | EOL:344 | EOL:2634372 | EOL:1327472 | EOL:3016961 | EOL:648 | EOL:2717184 | EOL:2723467 | EOL:698 | EOL:699 | EOL:33045 | EOL:458502,,,,,,,,,,,,,,,,,"Sanchez-Pena, S.R., Buschinger, A., Humber, R.A., 1993. Myrmicinosporidium durum, an enigmatic fungal parasite of ants. J. Invert. Pathol. 61: 90-96.",,"Sarah E Miller. 12/13/2016. Species associations manually extracted from Onstad, D.W. EDWIP: Ecological Database of the World's Insect Pathogens. Champaign, Illinois: Illinois Natural History Survey, [23/11/2016]. http://insectweb.inhs.uiuc.edu/Pathogens/EDWIP.",https://zenodo.org/records/258220/files/millerse/Ecological-Database-of-the-World-s-Insect-Pathogens-v1.0.zip
Myrmicinosporidium durum,Biota | Eukaryota | Fungi | Eumycota | Chytridiomycota | Myrmicinosporidium | Myrmicinosporidium durum,WD:Q2382443 | WD:Q19088 | WD:Q764 | WD:Q12899838 | WD:Q473747 | WD:Q28854511 | WD:Q54371560,,,,,,,,,,,,,,pathogenOf,Solenopsis fugax,Life | Cellular Organisms | Eukaryota | Opisthokonta | Metazoa | Bilateria | Protostomia | Ecdysozoa | Arthropoda | Pancrustacea | Hexapoda | Insecta | Pterygota | Neoptera | Endopterygota | Hymenoptera | Apocrita | Aculeata | Vespoidea | Formicidae | Solenopsis | Solenopsis fugax,EOL:2913056 | EOL:6061725 | EOL:2908256 | EOL:2910700 | EOL:1 | EOL:3014411 | EOL:10459935 | EOL:8880788 | EOL:164 | EOL:10578120 | EOL:2634370 | EOL:344 | EOL:2634372 | EOL:1327472 | EOL:3016961 | EOL:648 | EOL:2717184 | EOL:2723467 | EOL:698 | EOL:699 | EOL:33045 | EOL:458502,,,,,,,,,,,,,,,,,"Sanchez-Pena, S.R., Buschinger, A., Humber, R.A., 1993. Myrmicinosporidium durum, an enigmatic fungal parasite of ants. J. Invert. Pathol. 61: 90-96.",,"Sarah E Miller. 12/13/2016. Species associations manually extracted from Onstad, D.W. EDWIP: Ecological Database of the World's Insect Pathogens. Champaign, Illinois: Illinois Natural History Survey, [23/11/2016]. http://insectweb.inhs.uiuc.edu/Pathogens/EDWIP.",https://zenodo.org/records/258220/files/millerse/Ecological-Database-of-the-World-s-Insect-Pathogens-v1.0.zip
Myrmicinosporidium durum,Biota | Eukaryota | Fungi | Eumycota | Chytridiomycota | Myrmicinosporidium | Myrmicinosporidium durum,WD:Q2382443 | WD:Q19088 | WD:Q764 | WD:Q12899838 | WD:Q473747 | WD:Q28854511 | WD:Q54371560,,,,,,,,,,,,,,pathogenOf,Solenopsis fugax,Life | Cellular Organisms | Eukaryota | Opisthokonta | Metazoa | Bilateria | Protostomia | Ecdysozoa | Arthropoda | Pancrustacea | Hexapoda | Insecta | Pterygota | Neoptera | Endopterygota | Hymenoptera | Apocrita | Aculeata | Vespoidea | Formicidae | Solenopsis | Solenopsis fugax,EOL:2913056 | EOL:6061725 | EOL:2908256 | EOL:2910700 | EOL:1 | EOL:3014411 | EOL:10459935 | EOL:8880788 | EOL:164 | EOL:10578120 | EOL:2634370 | EOL:344 | EOL:2634372 | EOL:1327472 | EOL:3016961 | EOL:648 | EOL:2717184 | EOL:2723467 | EOL:698 | EOL:699 | EOL:33045 | EOL:458502,,,,,,,,,,,,,,,,,"Sanchez-Pena, S.R., Buschinger, A., Humber, R.A., 1993. Myrmicinosporidium durum, an enigmatic fungal parasite of ants. J. Invert. Pathol. 61: 90-96.",,"Sarah E Miller. 12/13/2016. Species associations manually extracted from Onstad, D.W. EDWIP: Ecological Database of the World's Insect Pathogens. Champaign, Illinois: Illinois Natural History Survey, [23/11/2016]. http://insectweb.inhs.uiuc.edu/Pathogens/EDWIP.",https://zenodo.org/records/258220/files/millerse/Ecological-Database-of-the-World-s-Insect-Pathogens-v1.0.zip
Myrmicinosporidium durum,Biota | Eukaryota | Fungi | Eumycota | Chytridiomycota | Myrmicinosporidium | Myrmicinosporidium durum,WD:Q2382443 | WD:Q19088 | WD:Q764 | WD:Q12899838 | WD:Q473747 | WD:Q28854511 | WD:Q54371560,,,,,,,,,,,,,,pathogenOf,Plagiolepis pygmaea,Life | Cellular Organisms | Eukaryota | Opisthokonta | Metazoa | Bilateria | Protostomia | Ecdysozoa | Arthropoda | Pancrustacea | Hexapoda | Insecta | Pterygota | Neoptera | Endopterygota | Hymenoptera | Apocrita | Aculeata | Vespoidea | Formicidae | Plagiolepis | Plagiolepis pygmaea,EOL:2913056 | EOL:6061725 | EOL:2908256 | EOL:2910700 | EOL:1 | EOL:3014411 | EOL:10459935 | EOL:8880788 | EOL:164 | EOL:10578120 | EOL:2634370 | EOL:344 | EOL:2634372 | EOL:1327472 | EOL:3016961 | EOL:648 | EOL:2717184 | EOL:2723467 | EOL:698 | EOL:699 | EOL:50799 | EOL:460312,,,,,,,,,,,,,,,,,"Sanchez-Pena, S.R., Buschinger, A., Humber, R.A., 1993. Myrmicinosporidium durum, an enigmatic fungal parasite of ants. J. Invert. Pathol. 61: 90-96.",,"Sarah E Miller. 12/13/2016. Species associations manually extracted from Onstad, D.W. EDWIP: Ecological Database of the World's Insect Pathogens. Champaign, Illinois: Illinois Natural History Survey, [23/11/2016]. http://insectweb.inhs.uiuc.edu/Pathogens/EDWIP.",https://zenodo.org/records/258220/files/millerse/Ecological-Database-of-the-World-s-Insect-Pathogens-v1.0.zip
Myrmicinosporidium durum,Biota | Eukaryota | Fungi | Eumycota | Chytridiomycota | Myrmicinosporidium | Myrmicinosporidium durum,WD:Q2382443 | WD:Q19088 | WD:Q764 | WD:Q12899838 | WD:Q473747 | WD:Q28854511 | WD:Q54371560,,,,,,,,,,,,,,pathogenOf,Leptothorax unifasciatus,Life | Cellular Organisms | Eukaryota | Opisthokonta | Metazoa | Bilateria | Protostomia | Ecdysozoa | Arthropoda | Pancrustacea | Hexapoda | Insecta | Pterygota | Neoptera | Endopterygota | Hymenoptera | Apocrita | Aculeata | Vespoidea | Formicidae | Leptothorax | Leptothorax unifasciatus,EOL:2913056 | EOL:6061725 | EOL:2908256 | EOL:2910700 | EOL:1 | EOL:3014411 | EOL:10459935 | EOL:8880788 | EOL:164 | EOL:10578120 | EOL:2634370 | EOL:344 | EOL:2634372 | EOL:1327472 | EOL:3016961 | EOL:648 | EOL:2717184 | EOL:2723467 | EOL:698 | EOL:699 | EOL:37745 | EOL:481212,,,,,,,,,,,,,,,,,"Sanchez-Pena, S.R., Buschinger, A., Humber, R.A., 1993. Myrmicinosporidium durum, an enigmatic fungal parasite of ants. J. Invert. Pathol. 61: 90-96.",,"Sarah E Miller. 12/13/2016. Species associations manually extracted from Onstad, D.W. EDWIP: Ecological Database of the World's Insect Pathogens. Champaign, Illinois: Illinois Natural History Survey, [23/11/2016]. http://insectweb.inhs.uiuc.edu/Pathogens/EDWIP.",https://zenodo.org/records/258220/files/millerse/Ecological-Database-of-the-World-s-Insect-Pathogens-v1.0.zip
Myrmicinosporidium durum,Biota | Eukaryota | Fungi | Eumycota | Chytridiomycota | Myrmicinosporidium | Myrmicinosporidium durum,WD:Q2382443 | WD:Q19088 | WD:Q764 | WD:Q12899838 | WD:Q473747 | WD:Q28854511 | WD:Q54371560,,,,,,,,,,,,,,pathogenOf,Leptothorax unifasciatus,Life | Cellular Organisms | Eukaryota | Opisthokonta | Metazoa | Bilateria | Protostomia | Ecdysozoa | Arthropoda | Pancrustacea | Hexapoda | Insecta | Pterygota | Neoptera | Endopterygota | Hymenoptera | Apocrita | Aculeata | Vespoidea | Formicidae | Leptothorax | Leptothorax unifasciatus,EOL:2913056 | EOL:6061725 | EOL:2908256 | EOL:2910700 | EOL:1 | EOL:3014411 | EOL:10459935 | EOL:8880788 | EOL:164 | EOL:10578120 | EOL:2634370 | EOL:344 | EOL:2634372 | EOL:1327472 | EOL:3016961 | EOL:648 | EOL:2717184 | EOL:2723467 | EOL:698 | EOL:699 | EOL:37745 | EOL:481212,,,,,,,,,,,,,,,,,"Sanchez-Pena, S.R., Buschinger, A., Humber, R.A., 1993. Myrmicinosporidium durum, an enigmatic fungal parasite of ants. J. Invert. Pathol. 61: 90-96.",,"Sarah E Miller. 12/13/2016. Species associations manually extracted from Onstad, D.W. EDWIP: Ecological Database of the World's Insect Pathogens. Champaign, Illinois: Illinois Natural History Survey, [23/11/2016]. http://insectweb.inhs.uiuc.edu/Pathogens/EDWIP.",https://zenodo.org/records/258220/files/millerse/Ecological-Database-of-the-World-s-Insect-Pathogens-v1.0.zip
Myrmicinosporidium durum,Biota | Eukaryota | Fungi | Eumycota | Chytridiomycota | Myrmicinosporidium | Myrmicinosporidium durum,WD:Q2382443 | WD:Q19088 | WD:Q764 | WD:Q12899838 | WD:Q473747 | WD:Q28854511 | WD:Q54371560,,,,,,,,,,,,,,pathogenOf,Leptothorax unifasciatus,Life | Cellular Organisms | Eukaryota | Opisthokonta | Metazoa | Bilateria | Protostomia | Ecdysozoa | Arthropoda | Pancrustacea | Hexapoda | Insecta | Pterygota | Neoptera | Endopterygota | Hymenoptera | Apocrita | Aculeata | Vespoidea | Formicidae | Leptothorax | Leptothorax unifasciatus,EOL:2913056 | EOL:6061725 | EOL:2908256 | EOL:2910700 | EOL:1 | EOL:3014411 | EOL:10459935 | EOL:8880788 | EOL:164 | EOL:10578120 | EOL:2634370 | EOL:344 | EOL:2634372 | EOL:1327472 | EOL:3016961 | EOL:648 | EOL:2717184 | EOL:2723467 | EOL:698 | EOL:699 | EOL:37745 | EOL:481212,,,,,,,,,,,,,,,,,"Sanchez-Pena, S.R., Buschinger, A., Humber, R.A., 1993. Myrmicinosporidium durum, an enigmatic fungal parasite of ants. J. Invert. Pathol. 61: 90-96.",,"Sarah E Miller. 12/13/2016. Species associations manually extracted from Onstad, D.W. EDWIP: Ecological Database of the World's Insect Pathogens. Champaign, Illinois: Illinois Natural History Survey, [23/11/2016]. http://insectweb.inhs.uiuc.edu/Pathogens/EDWIP.",https://zenodo.org/records/258220/files/millerse/Ecological-Database-of-the-World-s-Insect-Pathogens-v1.0.zip
Myrmicinosporidium durum,Biota | Eukaryota | Fungi | Eumycota | Chytridiomycota | Myrmicinosporidium | Myrmicinosporidium durum,WD:Q2382443 | WD:Q19088 | WD:Q764 | WD:Q12899838 | WD:Q473747 | WD:Q28854511 | WD:Q54371560,,,,,,,,,,,,,,pathogenOf,Leptothorax unifasciatus,Life | Cellular Organisms | Eukaryota | Opisthokonta | Metazoa | Bilateria | Protostomia | Ecdysozoa | Arthropoda | Pancrustacea | Hexapoda | Insecta | Pterygota | Neoptera | Endopterygota | Hymenoptera | Apocrita | Aculeata | Vespoidea | Formicidae | Leptothorax | Leptothorax unifasciatus,EOL:2913056 | EOL:6061725 | EOL:2908256 | EOL:2910700 | EOL:1 | EOL:3014411 | EOL:10459935 | EOL:8880788 | EOL:164 | EOL:10578120 | EOL:2634370 | EOL:344 | EOL:2634372 | EOL:1327472 | EOL:3016961 | EOL:648 | EOL:2717184 | EOL:2723467 | EOL:698 | EOL:699 | EOL:37745 | EOL:481212,,,,,,,,,,,,,,,,,"Sanchez-Pena, S.R., Buschinger, A., Humber, R.A., 1993. Myrmicinosporidium durum, an enigmatic fungal parasite of ants. J. Invert. Pathol. 61: 90-96.",,"Sarah E Miller. 12/13/2016. Species associations manually extracted from Onstad, D.W. EDWIP: Ecological Database of the World's Insect Pathogens. Champaign, Illinois: Illinois Natural History Survey, [23/11/2016]. http://insectweb.inhs.uiuc.edu/Pathogens/EDWIP.",https://zenodo.org/records/258220/files/millerse/Ecological-Database-of-the-World-s-Insect-Pathogens-v1.0.zip
Myrmicinosporidium durum,Biota | Eukaryota | Fungi | Eumycota | Chytridiomycota | Myrmicinosporidium | Myrmicinosporidium durum,WD:Q2382443 | WD:Q19088 | WD:Q764 | WD:Q12899838 | WD:Q473747 | WD:Q28854511 | WD:Q54371560,,,,,,,,,,,,,,pathogenOf,Plagiolepis vindobonensis,Life | Cellular Organisms | Eukaryota | Opisthokonta | Metazoa | Bilateria | Protostomia | Ecdysozoa | Arthropoda | Pancrustacea | Hexapoda | Insecta | Pterygota | Neoptera | Endopterygota | Hymenoptera | Apocrita | Aculeata | Vespoidea | Formicidae | Plagiolepis | Plagiolepis vindobonensis,EOL:2913056 | EOL:6061725 | EOL:2908256 | EOL:2910700 | EOL:1 | EOL:3014411 | EOL:10459935 | EOL:8880788 | EOL:164 | EOL:10578120 | EOL:2634370 | EOL:344 | EOL:2634372 | EOL:1327472 | EOL:3016961 | EOL:648 | EOL:2717184 | EOL:2723467 | EOL:698 | EOL:699 | EOL:50799 | EOL:460292,,,,,,,,,,,,,,,,,"Sanchez-Pena, S.R., Buschinger, A., Humber, R.A., 1993. Myrmicinosporidium durum, an enigmatic fungal parasite of ants. J. Invert. Pathol. 61: 90-96.",,"Sarah E Miller. 12/13/2016. Species associations manually extracted from Onstad, D.W. EDWIP: Ecological Database of the World's Insect Pathogens. Champaign, Illinois: Illinois Natural History Survey, [23/11/2016]. http://insectweb.inhs.uiuc.edu/Pathogens/EDWIP.",https://zenodo.org/records/258220/files/millerse/Ecological-Database-of-the-World-s-Insect-Pathogens-v1.0.zip
Myrmicinosporidium durum,Biota | Eukaryota | Fungi | Eumycota | Chytridiomycota | Myrmicinosporidium | Myrmicinosporidium durum,WD:Q2382443 | WD:Q19088 | WD:Q764 | WD:Q12899838 | WD:Q473747 | WD:Q28854511 | WD:Q54371560,,,,,,,,,,,,,,pathogenOf,Leptothorax recedens,Life | Cellular Organisms | Eukaryota | Opisthokonta | Metazoa | Bilateria | Protostomia | Ecdysozoa | Arthropoda | Pancrustacea | Hexapoda | Insecta | Pterygota | Neoptera | Endopterygota | Hymenoptera | Apocrita | Aculeata | Vespoidea | Formicidae | Leptothorax | Leptothorax recedens,EOL:2913056 | EOL:6061725 | EOL:2908256 | EOL:2910700 | EOL:1 | EOL:3014411 | EOL:10459935 | EOL:8880788 | EOL:164 | EOL:10578120 | EOL:2634370 | EOL:344 | EOL:2634372 | EOL:1327472 | EOL:3016961 | EOL:648 | EOL:2717184 | EOL:2723467 | EOL:698 | EOL:699 | EOL:37745 | EOL:405006,,,,,,,,,,,,,,,,,"Sanchez-Pena, S.R., Buschinger, A., Humber, R.A., 1993. Myrmicinosporidium durum, an enigmatic fungal parasite of ants. J. Invert. Pathol. 61: 90-96.",,"Sarah E Miller. 12/13/2016. Species associations manually extracted from Onstad, D.W. EDWIP: Ecological Database of the World's Insect Pathogens. Champaign, Illinois: Illinois Natural History Survey, [23/11/2016]. http://insectweb.inhs.uiuc.edu/Pathogens/EDWIP.",https://zenodo.org/records/258220/files/millerse/Ecological-Database-of-the-World-s-Insect-Pathogens-v1.0.zip
Myrmicinosporidium durum,Biota | Eukaryota | Fungi | Eumycota | Chytridiomycota | Myrmicinosporidium | Myrmicinosporidium durum,WD:Q2382443 | WD:Q19088 | WD:Q764 | WD:Q12899838 | WD:Q473747 | WD:Q28854511 | WD:Q54371560,,,,,,,,,,,,,,pathogenOf,Leptothorax recedens,Life | Cellular Organisms | Eukaryota | Opisthokonta | Metazoa | Bilateria | Protostomia | Ecdysozoa | Arthropoda | Pancrustacea | Hexapoda | Insecta | Pterygota | Neoptera | Endopterygota | Hymenoptera | Apocrita | Aculeata | Vespoidea | Formicidae | Leptothorax | Leptothorax recedens,EOL:2913056 | EOL:6061725 | EOL:2908256 | EOL:2910700 | EOL:1 | EOL:3014411 | EOL:10459935 | EOL:8880788 | EOL:164 | EOL:10578120 | EOL:2634370 | EOL:344 | EOL:2634372 | EOL:1327472 | EOL:3016961 | EOL:648 | EOL:2717184 | EOL:2723467 | EOL:698 | EOL:699 | EOL:37745 | EOL:405006,,,,,,,,,,,,,,,,,"Sanchez-Pena, S.R., Buschinger, A., Humber, R.A., 1993. Myrmicinosporidium durum, an enigmatic fungal parasite of ants. J. Invert. Pathol. 61: 90-96.",,"Sarah E Miller. 12/13/2016. Species associations manually extracted from Onstad, D.W. EDWIP: Ecological Database of the World's Insect Pathogens. Champaign, Illinois: Illinois Natural History Survey, [23/11/2016]. http://insectweb.inhs.uiuc.edu/Pathogens/EDWIP.",https://zenodo.org/records/258220/files/millerse/Ecological-Database-of-the-World-s-Insect-Pathogens-v1.0.zip
Myrmicinosporidium durum,Biota | Eukaryota | Fungi | Eumycota | Chytridiomycota | Myrmicinosporidium | Myrmicinosporidium durum,WD:Q2382443 | WD:Q19088 | WD:Q764 | WD:Q12899838 | WD:Q473747 | WD:Q28854511 | WD:Q54371560,,,,,,,,,,,,,,pathogenOf,Leptothorax exilis,Life | Cellular Organisms | Eukaryota | Opisthokonta | Metazoa | Bilateria | Protostomia | Ecdysozoa | Arthropoda | Pancrustacea | Hexapoda | Insecta | Pterygota | Neoptera | Endopterygota | Hymenoptera | Apocrita | Aculeata | Vespoidea | Formicidae | Leptothorax | Leptothorax exilis,EOL:2913056 | EOL:6061725 | EOL:2908256 | EOL:2910700 | EOL:1 | EOL:3014411 | EOL:10459935 | EOL:8880788 | EOL:164 | EOL:10578120 | EOL:2634370 | EOL:344 | EOL:2634372 | EOL:1327472 | EOL:3016961 | EOL:648 | EOL:2717184 | EOL:2723467 | EOL:698 | EOL:699 | EOL:37745 | EOL:593865,,,,,,,,,,,,,,,,,"Sanchez-Pena, S.R., Buschinger, A., Humber, R.A., 1993. Myrmicinosporidium durum, an enigmatic fungal parasite of ants. J. Invert. Pathol. 61: 90-96.",,"Sarah E Miller. 12/13/2016. Species associations manually extracted from Onstad, D.W. EDWIP: Ecological Database of the World's Insect Pathogens. Champaign, Illinois: Illinois Natural History Survey, [23/11/2016]. http://insectweb.inhs.uiuc.edu/Pathogens/EDWIP.",https://zenodo.org/records/258220/files/millerse/Ecological-Database-of-the-World-s-Insect-Pathogens-v1.0.zip
Myrmicinosporidium durum,Biota | Eukaryota | Fungi | Eumycota | Chytridiomycota | Myrmicinosporidium | Myrmicinosporidium durum,WD:Q2382443 | WD:Q19088 | WD:Q764 | WD:Q12899838 | WD:Q473747 | WD:Q28854511 | WD:Q54371560,,,,,,,,,,,,,,pathogenOf,Leptothorax lichtensteini,Life | Cellular Organisms | Eukaryota | Opisthokonta | Metazoa | Bilateria | Protostomia | Ecdysozoa | Arthropoda | Pancrustacea | Hexapoda | Insecta | Pterygota | Neoptera | Endopterygota | Hymenoptera | Apocrita | Aculeata | Vespoidea | Formicidae | Leptothorax | Leptothorax lichtensteini,EOL:2913056 | EOL:6061725 | EOL:2908256 | EOL:2910700 | EOL:1 | EOL:3014411 | EOL:10459935 | EOL:8880788 | EOL:164 | EOL:10578120 | EOL:2634370 | EOL:344 | EOL:2634372 | EOL:1327472 | EOL:3016961 | EOL:648 | EOL:2717184 | EOL:2723467 | EOL:698 | EOL:699 | EOL:37745 | EOL:479875,,,,,,,,,,,,,,,,,"Sanchez-Pena, S.R., Buschinger, A., Humber, R.A., 1993. Myrmicinosporidium durum, an enigmatic fungal parasite of ants. J. Invert. Pathol. 61: 90-96.",,"Sarah E Miller. 12/13/2016. Species associations manually extracted from Onstad, D.W. EDWIP: Ecological Database of the World's Insect Pathogens. Champaign, Illinois: Illinois Natural History Survey, [23/11/2016]. http://insectweb.inhs.uiuc.edu/Pathogens/EDWIP.",https://zenodo.org/records/258220/files/millerse/Ecological-Database-of-the-World-s-Insect-Pathogens-v1.0.zip
Myrmicinosporidium durum,Biota | Eukaryota | Fungi | Eumycota | Chytridiomycota | Myrmicinosporidium | Myrmicinosporidium durum,WD:Q2382443 | WD:Q19088 | WD:Q764 | WD:Q12899838 | WD:Q473747 | WD:Q28854511 | WD:Q54371560,,,,,,,,,,,,,,pathogenOf,Leptothorax angustulus,Life | Cellular Organisms | Eukaryota | Opisthokonta | Metazoa | Bilateria | Protostomia | Ecdysozoa | Arthropoda | Pancrustacea | Hexapoda | Insecta | Pterygota | Neoptera | Endopterygota | Hymenoptera | Apocrita | Aculeata | Vespoidea | Formicidae | Leptothorax | Leptothorax angustulus,EOL:2913056 | EOL:6061725 | EOL:2908256 | EOL:2910700 | EOL:1 | EOL:3014411 | EOL:10459935 | EOL:8880788 | EOL:164 | EOL:10578120 | EOL:2634370 | EOL:344 | EOL:2634372 | EOL:1327472 | EOL:3016961 | EOL:648 | EOL:2717184 | EOL:2723467 | EOL:698 | EOL:699 | EOL:37745 | EOL:406667,,,,,,,,,,,,,,,,,"Sanchez-Pena, S.R., Buschinger, A., Humber, R.A., 1993. Myrmicinosporidium durum, an enigmatic fungal parasite of ants. J. Invert. Pathol. 61: 90-96.",,"Sarah E Miller. 12/13/2016. Species associations manually extracted from Onstad, D.W. EDWIP: Ecological Database of the World's Insect Pathogens. Champaign, Illinois: Illinois Natural History Survey, [23/11/2016]. http://insectweb.inhs.uiuc.edu/Pathogens/EDWIP.",https://zenodo.org/records/258220/files/millerse/Ecological-Database-of-the-World-s-Insect-Pathogens-v1.0.zip
Aspergillus flavus,Biota | Fungi | Ascomycota | Pezizomycotina | Eurotiomycetes | Eurotiomycetidae | Eurotiales | Trichocomaceae | Aspergillus | Aspergillus flavus,WORMS:1 | WORMS:4 | WORMS:21891 | WORMS:437297 | WORMS:437258 | WORMS:178082 | WORMS:100010 | WORMS:100048 | WORMS:100211 | WORMS:826545,,,,,,,,,,,,,,pathogenOf,Atta texana,Animalia | Arthropoda | Insecta | Hymenoptera | Formicidae | Atta | Atta texana,GBIF:1 | GBIF:54 | GBIF:216 | GBIF:1457 | GBIF:4342 | GBIF:1323108 | GBIF:5035741,,,,,,,,,,,,,,,,,"Steinhaus, E.A.; and Marsh, G.A.1967.Previously unreported accessions for diagnosis and new records.Journal of Invertebrate Pathology 9(3):436-438",,"Sarah E Miller. 12/13/2016. Species associations manually extracted from Onstad, D.W. EDWIP: Ecological Database of the World's Insect Pathogens. Champaign, Illinois: Illinois Natural History Survey, [23/11/2016]. http://insectweb.inhs.uiuc.edu/Pathogens/EDWIP.",https://zenodo.org/records/258220/files/millerse/Ecological-Database-of-the-World-s-Insect-Pathogens-v1.0.zip
Fusarium solani,Life | Cellular Organisms | Eukaryota | Opisthokonta | Nucletmycea | Fungi | Dikarya | Ascomycota | Sordariomycetes | Hypocreales | Nectriaceae | Fusarium | Fusarium solani,EOL:2913056 | EOL:6061725 | EOL:2908256 | EOL:2910700 | EOL:46702381 | EOL:46702383 | EOL:10594877 | EOL:5577 | EOL:2858320 | EOL:5645 | EOL:46711631 | EOL:16364 | EOL:203667,,,,,,,,,,,,,,hasHost,Atta texana,Animalia | Arthropoda | Insecta | Hymenoptera | Formicidae | Atta | Atta texana,GBIF:1 | GBIF:54 | GBIF:216 | GBIF:1457 | GBIF:4342 | GBIF:1323108 | GBIF:5035741,,,,,,,,,,,,,,,,,http://www.ncbi.nlm.nih.gov/nuccore/262285838,http://www.ncbi.nlm.nih.gov/nuccore/262285838,"Sarah E Miller. 4/18/2016. Species associations from Wardeh, M. et al. Database of host-pathogen and related species interactions, and their global distribution. Sci. Data 2:150049 doi: 10.1038/sdata.2015.49 (2015)",https://zenodo.org/records/258189/files/millerse/Wardeh-et-al.-2015-v1.0.zip
Fusarium solani,Life | Cellular Organisms | Eukaryota | Opisthokonta | Nucletmycea | Fungi | Dikarya | Ascomycota | Sordariomycetes | Hypocreales | Nectriaceae | Fusarium | Fusarium solani,EOL:2913056 | EOL:6061725 | EOL:2908256 | EOL:2910700 | EOL:46702381 | EOL:46702383 | EOL:10594877 | EOL:5577 | EOL:2858320 | EOL:5645 | EOL:46711631 | EOL:16364 | EOL:203667,,,,,,,,,,,,,,hasHost,Atta texana,Animalia | Arthropoda | Insecta | Hymenoptera | Formicidae | Atta | Atta texana,GBIF:1 | GBIF:54 | GBIF:216 | GBIF:1457 | GBIF:4342 | GBIF:1323108 | GBIF:5035741,,,,,,,,,,,,,,,,,http://www.ncbi.nlm.nih.gov/nuccore/262285857,http://www.ncbi.nlm.nih.gov/nuccore/262285857,"Sarah E Miller. 4/18/2016. Species associations from Wardeh, M. et al. Database of host-pathogen and related species interactions, and their global distribution. Sci. Data 2:150049 doi: 10.1038/sdata.2015.49 (2015)",https://zenodo.org/records/258189/files/millerse/Wardeh-et-al.-2015-v1.0.zip
Attaphila fungicola,Animalia | Bilateria | Protostomia | Ecdysozoa | Arthropoda | Hexapoda | Insecta | Pterygota | Neoptera | Polyneoptera | Blattodea | Blaberoidea | Blaberidae | Attaphilinae | Attaphila | Attaphila fungicola,ITIS:202423 | ITIS:914154 | ITIS:914155 | ITIS:914158 | ITIS:82696 | ITIS:563886 | ITIS:99208 | ITIS:100500 | ITIS:563890 | ITIS:914215 | ITIS:914219 | ITIS:666639 | ITIS:102419 | ITIS:666653 | ITIS:102412 | ITIS:666694,https://arctos.database.museum/guid/UTEP:Ento:16451,UTEP,Entomology,UTEP:Ento:16451,,,,,,,,,PreservedSpecimen,interactsWith,Atta texana,Animalia | Arthropoda | Insecta | Hymenoptera | Formicidae | Atta | Atta texana,GBIF:1 | GBIF:54 | GBIF:216 | GBIF:1457 | GBIF:4342 | GBIF:1323108 | GBIF:5035741,,,,,,,,,,,,,PreservedSpecimen,31.726268,-93.097261,1900-01-01T00:00:00Z,https://arctos.database.museum/guid/UTEP:Ento:16451,https://arctos.database.museum/guid/UTEP:Ento:16451,Natural History Collections managed by Arctos (https://arctosdb.org) accessed via https://vertnet.org .,https://github.com/globalbioticinteractions/vertnet/archive/a2fbb10c1497ce4a2726e9cd238530c531abe82c.zip
Myrmicinosporidium durum,Biota | Eukaryota | Fungi | Eumycota | Chytridiomycota | Myrmicinosporidium | Myrmicinosporidium durum,WD:Q2382443 | WD:Q19088 | WD:Q764 | WD:Q12899838 | WD:Q473747 | WD:Q28854511 | WD:Q54371560,,,,,,,,,,,,,,pathogenOf,Leptothorax affinis,Life | Cellular Organisms | Eukaryota | Opisthokonta | Metazoa | Bilateria | Protostomia | Ecdysozoa | Arthropoda | Pancrustacea | Hexapoda | Insecta | Pterygota | Neoptera | Endopterygota | Hymenoptera | Apocrita | Aculeata | Vespoidea | Formicidae | Leptothorax | Leptothorax affinis,EOL:2913056 | EOL:6061725 | EOL:2908256 | EOL:2910700 | EOL:1 | EOL:3014411 | EOL:10459935 | EOL:8880788 | EOL:164 | EOL:10578120 | EOL:2634370 | EOL:344 | EOL:2634372 | EOL:1327472 | EOL:3016961 | EOL:648 | EOL:2717184 | EOL:2723467 | EOL:698 | EOL:699 | EOL:37745 | EOL:406519,,,,,,,,,,,,,,,,,"Sanchez-Pena, S.R., Buschinger, A., Humber, R.A., 1993. Myrmicinosporidium durum, an enigmatic fungal parasite of ants. J. Invert. Pathol. 61: 90-96.",,"Sarah E Miller. 12/13/2016. Species associations manually extracted from Onstad, D.W. EDWIP: Ecological Database of the World's Insect Pathogens. Champaign, Illinois: Illinois Natural History Survey, [23/11/2016]. http://insectweb.inhs.uiuc.edu/Pathogens/EDWIP.",https://zenodo.org/records/258220/files/millerse/Ecological-Database-of-the-World-s-Insect-Pathogens-v1.0.zip
Myrmicinosporidium durum,Biota | Eukaryota | Fungi | Eumycota | Chytridiomycota | Myrmicinosporidium | Myrmicinosporidium durum,WD:Q2382443 | WD:Q19088 | WD:Q764 | WD:Q12899838 | WD:Q473747 | WD:Q28854511 | WD:Q54371560,,,,,,,,,,,,,,pathogenOf,Leptothorax tuberum tuberum,Life | Cellular Organisms | Eukaryota | Opisthokonta | Metazoa | Bilateria | Protostomia | Ecdysozoa | Arthropoda | Pancrustacea | Hexapoda | Insecta | Pterygota | Neoptera | Endopterygota | Hymenoptera | Apocrita | Aculeata | Vespoidea | Formicidae | Leptothorax | Leptothorax tuberum | Leptothorax tuberum tuberum,EOL:2913056 | EOL:6061725 | EOL:2908256 | EOL:2910700 | EOL:1 | EOL:3014411 | EOL:10459935 | EOL:8880788 | EOL:164 | EOL:10578120 | EOL:2634370 | EOL:344 | EOL:2634372 | EOL:1327472 | EOL:3016961 | EOL:648 | EOL:2717184 | EOL:2723467 | EOL:698 | EOL:699 | EOL:37745 | EOL:418586 | EOL:1263167,,,,,,,,,,,,,,,,,"Sanchez-Pena, S.R., Buschinger, A., Humber, R.A., 1993. Myrmicinosporidium durum, an enigmatic fungal parasite of ants. J. Invert. Pathol. 61: 90-96.",,"Sarah E Miller. 12/13/2016. Species associations manually extracted from Onstad, D.W. EDWIP: Ecological Database of the World's Insect Pathogens. Champaign, Illinois: Illinois Natural History Survey, [23/11/2016]. http://insectweb.inhs.uiuc.edu/Pathogens/EDWIP.",https://zenodo.org/records/258220/files/millerse/Ecological-Database-of-the-World-s-Insect-Pathogens-v1.0.zip
Myrmicinosporidium durum,Biota | Eukaryota | Fungi | Eumycota | Chytridiomycota | Myrmicinosporidium | Myrmicinosporidium durum,WD:Q2382443 | WD:Q19088 | WD:Q764 | WD:Q12899838 | WD:Q473747 | WD:Q28854511 | WD:Q54371560,,,,,,,,,,,,,,pathogenOf,Leptothorax racovitzai,Life | Cellular Organisms | Eukaryota | Opisthokonta | Metazoa | Bilateria | Protostomia | Ecdysozoa | Arthropoda | Pancrustacea | Hexapoda | Insecta | Pterygota | Neoptera | Endopterygota | Hymenoptera | Apocrita | Aculeata | Vespoidea | Formicidae | Leptothorax | Leptothorax racovitzai,EOL:2913056 | EOL:6061725 | EOL:2908256 | EOL:2910700 | EOL:1 | EOL:3014411 | EOL:10459935 | EOL:8880788 | EOL:164 | EOL:10578120 | EOL:2634370 | EOL:344 | EOL:2634372 | EOL:1327472 | EOL:3016961 | EOL:648 | EOL:2717184 | EOL:2723467 | EOL:698 | EOL:699 | EOL:37745 | EOL:405011,,,,,,,,,,,,,,,,,"Sanchez-Pena, S.R., Buschinger, A., Humber, R.A., 1993. Myrmicinosporidium durum, an enigmatic fungal parasite of ants. J. Invert. Pathol. 61: 90-96.",,"Sarah E Miller. 12/13/2016. Species associations manually extracted from Onstad, D.W. EDWIP: Ecological Database of the World's Insect Pathogens. Champaign, Illinois: Illinois Natural History Survey, [23/11/2016]. http://insectweb.inhs.uiuc.edu/Pathogens/EDWIP.",https://zenodo.org/records/258220/files/millerse/Ecological-Database-of-the-World-s-Insect-Pathogens-v1.0.zip
Myrmicinosporidium durum,Biota | Eukaryota | Fungi | Eumycota | Chytridiomycota | Myrmicinosporidium | Myrmicinosporidium durum,WD:Q2382443 | WD:Q19088 | WD:Q764 | WD:Q12899838 | WD:Q473747 | WD:Q28854511 | WD:Q54371560,,,,,,,,,,,,,,pathogenOf,Leptothorax racovitzai,Life | Cellular Organisms | Eukaryota | Opisthokonta | Metazoa | Bilateria | Protostomia | Ecdysozoa | Arthropoda | Pancrustacea | Hexapoda | Insecta | Pterygota | Neoptera | Endopterygota | Hymenoptera | Apocrita | Aculeata | Vespoidea | Formicidae | Leptothorax | Leptothorax racovitzai,EOL:2913056 | EOL:6061725 | EOL:2908256 | EOL:2910700 | EOL:1 | EOL:3014411 | EOL:10459935 | EOL:8880788 | EOL:164 | EOL:10578120 | EOL:2634370 | EOL:344 | EOL:2634372 | EOL:1327472 | EOL:3016961 | EOL:648 | EOL:2717184 | EOL:2723467 | EOL:698 | EOL:699 | EOL:37745 | EOL:405011,,,,,,,,,,,,,,,,,"Sanchez-Pena, S.R., Buschinger, A., Humber, R.A., 1993. Myrmicinosporidium durum, an enigmatic fungal parasite of ants. J. Invert. Pathol. 61: 90-96.",,"Sarah E Miller. 12/13/2016. Species associations manually extracted from Onstad, D.W. EDWIP: Ecological Database of the World's Insect Pathogens. Champaign, Illinois: Illinois Natural History Survey, [23/11/2016]. http://insectweb.inhs.uiuc.edu/Pathogens/EDWIP.",https://zenodo.org/records/258220/files/millerse/Ecological-Database-of-the-World-s-Insect-Pathogens-v1.0.zip
Myrmicinosporidium durum,Biota | Eukaryota | Fungi | Eumycota | Chytridiomycota | Myrmicinosporidium | Myrmicinosporidium durum,WD:Q2382443 | WD:Q19088 | WD:Q764 | WD:Q12899838 | WD:Q473747 | WD:Q28854511 | WD:Q54371560,,,,,,,,,,,,,,pathogenOf,Pheidole pallidula,Life | Cellular Organisms | Eukaryota | Opisthokonta | Metazoa | Bilateria | Protostomia | Ecdysozoa | Arthropoda | Pancrustacea | Hexapoda | Insecta | Pterygota | Neoptera | Endopterygota | Hymenoptera | Apocrita | Aculeata | Vespoidea | Formicidae | Pheidole | Pheidole pallidula,EOL:2913056 | EOL:6061725 | EOL:2908256 | EOL:2910700 | EOL:1 | EOL:3014411 | EOL:10459935 | EOL:8880788 | EOL:164 | EOL:10578120 | EOL:2634370 | EOL:344 | EOL:2634372 | EOL:1327472 | EOL:3016961 | EOL:648 | EOL:2717184 | EOL:2723467 | EOL:698 | EOL:699 | EOL:32986 | EOL:593708,,,,,,,,,,,,,,,,,"Sanchez-Pena, S.R., Buschinger, A., Humber, R.A., 1993. Myrmicinosporidium durum, an enigmatic fungal parasite of ants. J. Invert. Pathol. 61: 90-96.",,"Sarah E Miller. 12/13/2016. Species associations manually extracted from Onstad, D.W. EDWIP: Ecological Database of the World's Insect Pathogens. Champaign, Illinois: Illinois Natural History Survey, [23/11/2016]. http://insectweb.inhs.uiuc.edu/Pathogens/EDWIP.",https://zenodo.org/records/258220/files/millerse/Ecological-Database-of-the-World-s-Insect-Pathogens-v1.0.zip
Myrmecomyces annellisiae,Life | Cellular Organisms | Eukaryota | Opisthokonta | Nucletmycea | Fungi | Dikarya | Ascomycota | unclassified Ascomycota | Myrmecomyces | Myrmecomyces annellisiae,EOL:2913056 | EOL:6061725 | EOL:2908256 | EOL:2910700 | EOL:46702381 | EOL:46702383 | EOL:10594877 | EOL:5577 | EOL:52236963 | EOL:100221 | EOL:998814,80b51baf-52f0-4d3b-87b1-13e88a69190e,FLAS,,FLAS-F-55591,,,,,,,,,PreservedSpecimen,hasHost,Solenopsis invicta,Life | Cellular Organisms | Eukaryota | Opisthokonta | Metazoa | Bilateria | Protostomia | Ecdysozoa | Arthropoda | Pancrustacea | Hexapoda | Insecta | Pterygota | Neoptera | Endopterygota | Hymenoptera | Apocrita | Aculeata | Vespoidea | Formicidae | Solenopsis | Solenopsis invicta,EOL:2913056 | EOL:6061725 | EOL:2908256 | EOL:2910700 | EOL:1 | EOL:3014411 | EOL:10459935 | EOL:8880788 | EOL:164 | EOL:10578120 | EOL:2634370 | EOL:344 | EOL:2634372 | EOL:1327472 | EOL:3016961 | EOL:648 | EOL:2717184 | EOL:2723467 | EOL:698 | EOL:699 | EOL:33045 | EOL:403244,,,,,,,,,,,,,PreservedSpecimen,,,1989-02-23T00:00:00Z,https://mycoportal.org/portal/collections/individual/index.php?occid=3218373,https://mycoportal.org/portal/collections/individual/index.php?occid=3218373,Mycology Collections Data Portal (MyCoPortal). https://mycoportal.org,https://github.com/globalbioticinteractions/mycoportal/archive/646fe260d16e7ae85451d1813a1df332e8525a8d.zip
Candida,Biota | Fungi | Ascomycota | Saccharomycotina | Saccharomycetes | Saccharomycetidae | Saccharomycetales | Saccharomycetales incertae sedis | Candida,WORMS:1 | WORMS:4 | WORMS:21891 | WORMS:437299 | WORMS:178164 | WORMS:178165 | WORMS:100018 | WORMS:437936 | WORMS:437947,360024e3-742e-407f-bb57-83cd5e5c19e2,BPI,,BPI 1109240,,,,,,,,,PreservedSpecimen,hasHost,Solenopsis invicta,Life | Cellular Organisms | Eukaryota | Opisthokonta | Metazoa | Bilateria | Protostomia | Ecdysozoa | Arthropoda | Pancrustacea | Hexapoda | Insecta | Pterygota | Neoptera | Endopterygota | Hymenoptera | Apocrita | Aculeata | Vespoidea | Formicidae | Solenopsis | Solenopsis invicta,EOL:2913056 | EOL:6061725 | EOL:2908256 | EOL:2910700 | EOL:1 | EOL:3014411 | EOL:10459935 | EOL:8880788 | EOL:164 | EOL:10578120 | EOL:2634370 | EOL:344 | EOL:2634372 | EOL:1327472 | EOL:3016961 | EOL:648 | EOL:2717184 | EOL:2723467 | EOL:698 | EOL:699 | EOL:33045 | EOL:403244,,,,,,,,,,,,,PreservedSpecimen,31.105178,-87.072192,1987-06-25T00:00:00Z,https://mycoportal.org/portal/collections/individual/index.php?occid=917576,https://mycoportal.org/portal/collections/individual/index.php?occid=917576,Mycology Collections Data Portal (MyCoPortal). https://mycoportal.org,https://github.com/globalbioticinteractions/mycoportal/archive/646fe260d16e7ae85451d1813a1df332e8525a8d.zip
Myrmecomyces annellisiae,Life | Cellular Organisms | Eukaryota | Opisthokonta | Nucletmycea | Fungi | Dikarya | Ascomycota | unclassified Ascomycota | Myrmecomyces | Myrmecomyces annellisiae,EOL:2913056 | EOL:6061725 | EOL:2908256 | EOL:2910700 | EOL:46702381 | EOL:46702383 | EOL:10594877 | EOL:5577 | EOL:52236963 | EOL:100221 | EOL:998814,219743ed-c160-4d45-adef-0a157f431499,BPI,,BPI 1102636,,,,,,,,,PreservedSpecimen,hasHost,Solenopsis invicta,Life | Cellular Organisms | Eukaryota | Opisthokonta | Metazoa | Bilateria | Protostomia | Ecdysozoa | Arthropoda | Pancrustacea | Hexapoda | Insecta | Pterygota | Neoptera | Endopterygota | Hymenoptera | Apocrita | Aculeata | Vespoidea | Formicidae | Solenopsis | Solenopsis invicta,EOL:2913056 | EOL:6061725 | EOL:2908256 | EOL:2910700 | EOL:1 | EOL:3014411 | EOL:10459935 | EOL:8880788 | EOL:164 | EOL:10578120 | EOL:2634370 | EOL:344 | EOL:2634372 | EOL:1327472 | EOL:3016961 | EOL:648 | EOL:2717184 | EOL:2723467 | EOL:698 | EOL:699 | EOL:33045 | EOL:403244,,,,,,,,,,,,,PreservedSpecimen,30.079488,-82.06113,1989-02-23T00:00:00Z,https://mycoportal.org/portal/collections/individual/index.php?occid=910294,https://mycoportal.org/portal/collections/individual/index.php?occid=910294,Mycology Collections Data Portal (MyCoPortal). https://mycoportal.org,https://github.com/globalbioticinteractions/mycoportal/archive/646fe260d16e7ae85451d1813a1df332e8525a8d.zip
Pseudomonas aeruginosa,Bacteria | Proteobacteria | Gammaproteobacteria | Pseudomonadales | Pseudomonadaceae | Pseudomonas | Pseudomonas aeruginosa,GBIF:3 | GBIF:111 | GBIF:362 | GBIF:1474 | GBIF:5607 | GBIF:3219881 | GBIF:3223154,,,,,,,,,,,,,,parasiteOf,Solenopsis invicta,Life | Cellular Organisms | Eukaryota | Opisthokonta | Metazoa | Bilateria | Protostomia | Ecdysozoa | Arthropoda | Pancrustacea | Hexapoda | Insecta | Pterygota | Neoptera | Endopterygota | Hymenoptera | Apocrita | Aculeata | Vespoidea | Formicidae | Solenopsis | Solenopsis invicta,EOL:2913056 | EOL:6061725 | EOL:2908256 | EOL:2910700 | EOL:1 | EOL:3014411 | EOL:10459935 | EOL:8880788 | EOL:164 | EOL:10578120 | EOL:2634370 | EOL:344 | EOL:2634372 | EOL:1327472 | EOL:3016961 | EOL:648 | EOL:2717184 | EOL:2723467 | EOL:698 | EOL:699 | EOL:33045 | EOL:403244,,,,,,,,,,,,,,,,,"Gippet, J.M.W., Bates, O.K., Moulin, J. et al. The global risk of infectious disease emergence from giant land snail invasion and pet trade. Parasites Vectors 16, 363 (2023). https://doi.org/10.1186/s13071-023-06000-y. Accessed at <https://github.com/jhpoelen/Gippet2023_GiantLandSnails/archive/26bc8f39ed37574fe8a2cd914fd2a345a4689034.zip> on 11 Apr 2026.",https://doi.org/10.1186/s13071-023-06000-y,"Gippet, J.M.W., Bates, O.K., Moulin, J. et al. The global risk of infectious disease emergence from giant land snail invasion and pet trade. Parasites Vectors 16, 363 (2023). https://doi.org/10.1186/s13071-023-06000-y",https://github.com/jhpoelen/Gippet2023_GiantLandSnails/archive/26bc8f39ed37574fe8a2cd914fd2a345a4689034.zip
Bacillus cereus,Life | Cellular Organisms | Bacteria | Firmicutes | Bacilli | Bacillales | Bacillaceae | Bacillus | Bacillus cereus group | Bacillus cereus,EOL:2913056 | EOL:6061725 | EOL:288 | EOL:7739 | EOL:7766 | EOL:7777 | EOL:7785 | EOL:83228 | EOL:60957367 | EOL:975678,,,,,,,,,,,,,,hasHost,Solenopsis invicta,Life | Cellular Organisms | Eukaryota | Opisthokonta | Metazoa | Bilateria | Protostomia | Ecdysozoa | Arthropoda | Pancrustacea | Hexapoda | Insecta | Pterygota | Neoptera | Endopterygota | Hymenoptera | Apocrita | Aculeata | Vespoidea | Formicidae | Solenopsis | Solenopsis invicta,EOL:2913056 | EOL:6061725 | EOL:2908256 | EOL:2910700 | EOL:1 | EOL:3014411 | EOL:10459935 | EOL:8880788 | EOL:164 | EOL:10578120 | EOL:2634370 | EOL:344 | EOL:2634372 | EOL:1327472 | EOL:3016961 | EOL:648 | EOL:2717184 | EOL:2723467 | EOL:698 | EOL:699 | EOL:33045 | EOL:403244,,,,,,,,,,,,,,,,,http://www.ncbi.nlm.nih.gov/nuccore/199584163,http://www.ncbi.nlm.nih.gov/nuccore/199584163,"Sarah E Miller. 4/18/2016. Species associations from Wardeh, M. et al. Database of host-pathogen and related species interactions, and their global distribution. Sci. Data 2:150049 doi: 10.1038/sdata.2015.49 (2015)",https://zenodo.org/records/258189/files/millerse/Wardeh-et-al.-2015-v1.0.zip
Staphylococcus epidermidis,Life | Cellular Organisms | Bacteria | Firmicutes | Bacilli | Bacillales | Staphylococcaceae | Staphylococcus | Staphylococcus epidermidis,EOL:2913056 | EOL:6061725 | EOL:288 | EOL:7739 | EOL:7766 | EOL:7777 | EOL:7780 | EOL:83232 | EOL:975953,,,,,,,,,,,,,,hasHost,Solenopsis invicta,Life | Cellular Organisms | Eukaryota | Opisthokonta | Metazoa | Bilateria | Protostomia | Ecdysozoa | Arthropoda | Pancrustacea | Hexapoda | Insecta | Pterygota | Neoptera | Endopterygota | Hymenoptera | Apocrita | Aculeata | Vespoidea | Formicidae | Solenopsis | Solenopsis invicta,EOL:2913056 | EOL:6061725 | EOL:2908256 | EOL:2910700 | EOL:1 | EOL:3014411 | EOL:10459935 | EOL:8880788 | EOL:164 | EOL:10578120 | EOL:2634370 | EOL:344 | EOL:2634372 | EOL:1327472 | EOL:3016961 | EOL:648 | EOL:2717184 | EOL:2723467 | EOL:698 | EOL:699 | EOL:33045 | EOL:403244,,,,,,,,,,,,,,,,,http://www.ncbi.nlm.nih.gov/nuccore/199584161,http://www.ncbi.nlm.nih.gov/nuccore/199584161,"Sarah E Miller. 4/18/2016. Species associations from Wardeh, M. et al. Database of host-pathogen and related species interactions, and their global distribution. Sci. Data 2:150049 doi: 10.1038/sdata.2015.49 (2015)",https://zenodo.org/records/258189/files/millerse/Wardeh-et-al.-2015-v1.0.zip
Bacillus pumilus,Life | Cellular Organisms | Bacteria | Firmicutes | Bacilli | Bacillales | Bacillaceae | Bacillus | Bacillus pumilus,EOL:2913056 | EOL:6061725 | EOL:288 | EOL:7739 | EOL:7766 | EOL:7777 | EOL:7785 | EOL:83228 | EOL:974617,,,,,,,,,,,,,,hasHost,Solenopsis invicta,Life | Cellular Organisms | Eukaryota | Opisthokonta | Metazoa | Bilateria | Protostomia | Ecdysozoa | Arthropoda | Pancrustacea | Hexapoda | Insecta | Pterygota | Neoptera | Endopterygota | Hymenoptera | Apocrita | Aculeata | Vespoidea | Formicidae | Solenopsis | Solenopsis invicta,EOL:2913056 | EOL:6061725 | EOL:2908256 | EOL:2910700 | EOL:1 | EOL:3014411 | EOL:10459935 | EOL:8880788 | EOL:164 | EOL:10578120 | EOL:2634370 | EOL:344 | EOL:2634372 | EOL:1327472 | EOL:3016961 | EOL:648 | EOL:2717184 | EOL:2723467 | EOL:698 | EOL:699 | EOL:33045 | EOL:403244,,,,,,,,,,,,,,,,,http://www.ncbi.nlm.nih.gov/nuccore/199584150,http://www.ncbi.nlm.nih.gov/nuccore/199584150,"Sarah E Miller. 4/18/2016. Species associations from Wardeh, M. et al. Database of host-pathogen and related species interactions, and their global distribution. Sci. Data 2:150049 doi: 10.1038/sdata.2015.49 (2015)",https://zenodo.org/records/258189/files/millerse/Wardeh-et-al.-2015-v1.0.zip
Bacillus subtilis,Life | Cellular Organisms | Bacteria | Firmicutes | Bacilli | Bacillales | Bacillaceae | Bacillus | Bacillus subtilis group | Bacillus subtilis,EOL:2913056 | EOL:6061725 | EOL:288 | EOL:7739 | EOL:7766 | EOL:7777 | EOL:7785 | EOL:83228 | EOL:60957369 | EOL:2912748,,,,,,,,,,,,,,hasHost,Solenopsis invicta,Life | Cellular Organisms | Eukaryota | Opisthokonta | Metazoa | Bilateria | Protostomia | Ecdysozoa | Arthropoda | Pancrustacea | Hexapoda | Insecta | Pterygota | Neoptera | Endopterygota | Hymenoptera | Apocrita | Aculeata | Vespoidea | Formicidae | Solenopsis | Solenopsis invicta,EOL:2913056 | EOL:6061725 | EOL:2908256 | EOL:2910700 | EOL:1 | EOL:3014411 | EOL:10459935 | EOL:8880788 | EOL:164 | EOL:10578120 | EOL:2634370 | EOL:344 | EOL:2634372 | EOL:1327472 | EOL:3016961 | EOL:648 | EOL:2717184 | EOL:2723467 | EOL:698 | EOL:699 | EOL:33045 | EOL:403244,,,,,,,,,,,,,,,,,http://www.ncbi.nlm.nih.gov/nuccore/199584159,http://www.ncbi.nlm.nih.gov/nuccore/199584159,"Sarah E Miller. 4/18/2016. Species associations from Wardeh, M. et al. Database of host-pathogen and related species interactions, and their global distribution. Sci. Data 2:150049 doi: 10.1038/sdata.2015.49 (2015)",https://zenodo.org/records/258189/files/millerse/Wardeh-et-al.-2015-v1.0.zip
Staphylococcus epidermidis,Life | Cellular Organisms | Bacteria | Firmicutes | Bacilli | Bacillales | Staphylococcaceae | Staphylococcus | Staphylococcus epidermidis,EOL:2913056 | EOL:6061725 | EOL:288 | EOL:7739 | EOL:7766 | EOL:7777 | EOL:7780 | EOL:83232 | EOL:975953,,,,,,,,,,,,,,hasHost,Solenopsis invicta,Life | Cellular Organisms | Eukaryota | Opisthokonta | Metazoa | Bilateria | Protostomia | Ecdysozoa | Arthropoda | Pancrustacea | Hexapoda | Insecta | Pterygota | Neoptera | Endopterygota | Hymenoptera | Apocrita | Aculeata | Vespoidea | Formicidae | Solenopsis | Solenopsis invicta,EOL:2913056 | EOL:6061725 | EOL:2908256 | EOL:2910700 | EOL:1 | EOL:3014411 | EOL:10459935 | EOL:8880788 | EOL:164 | EOL:10578120 | EOL:2634370 | EOL:344 | EOL:2634372 | EOL:1327472 | EOL:3016961 | EOL:648 | EOL:2717184 | EOL:2723467 | EOL:698 | EOL:699 | EOL:33045 | EOL:403244,,,,,,,,,,,,,,,,,http://www.ncbi.nlm.nih.gov/nuccore/199584158,http://www.ncbi.nlm.nih.gov/nuccore/199584158,"Sarah E Miller. 4/18/2016. Species associations from Wardeh, M. et al. Database of host-pathogen and related species interactions, and their global distribution. Sci. Data 2:150049 doi: 10.1038/sdata.2015.49 (2015)",https://zenodo.org/records/258189/files/millerse/Wardeh-et-al.-2015-v1.0.zip
Bacillus cereus,Life | Cellular Organisms | Bacteria | Firmicutes | Bacilli | Bacillales | Bacillaceae | Bacillus | Bacillus cereus group | Bacillus cereus,EOL:2913056 | EOL:6061725 | EOL:288 | EOL:7739 | EOL:7766 | EOL:7777 | EOL:7785 | EOL:83228 | EOL:60957367 | EOL:975678,,,,,,,,,,,,,,hasHost,Solenopsis invicta,Life | Cellular Organisms | Eukaryota | Opisthokonta | Metazoa | Bilateria | Protostomia | Ecdysozoa | Arthropoda | Pancrustacea | Hexapoda | Insecta | Pterygota | Neoptera | Endopterygota | Hymenoptera | Apocrita | Aculeata | Vespoidea | Formicidae | Solenopsis | Solenopsis invicta,EOL:2913056 | EOL:6061725 | EOL:2908256 | EOL:2910700 | EOL:1 | EOL:3014411 | EOL:10459935 | EOL:8880788 | EOL:164 | EOL:10578120 | EOL:2634370 | EOL:344 | EOL:2634372 | EOL:1327472 | EOL:3016961 | EOL:648 | EOL:2717184 | EOL:2723467 | EOL:698 | EOL:699 | EOL:33045 | EOL:403244,,,,,,,,,,,,,,,,,http://www.ncbi.nlm.nih.gov/nuccore/199584153,http://www.ncbi.nlm.nih.gov/nuccore/199584153,"Sarah E Miller. 4/18/2016. Species associations from Wardeh, M. et al. Database of host-pathogen and related species interactions, and their global distribution. Sci. Data 2:150049 doi: 10.1038/sdata.2015.49 (2015)",https://zenodo.org/records/258189/files/millerse/Wardeh-et-al.-2015-v1.0.zip
Bacillus pumilus,Life | Cellular Organisms | Bacteria | Firmicutes | Bacilli | Bacillales | Bacillaceae | Bacillus | Bacillus pumilus,EOL:2913056 | EOL:6061725 | EOL:288 | EOL:7739 | EOL:7766 | EOL:7777 | EOL:7785 | EOL:83228 | EOL:974617,,,,,,,,,,,,,,hasHost,Solenopsis invicta,Life | Cellular Organisms | Eukaryota | Opisthokonta | Metazoa | Bilateria | Protostomia | Ecdysozoa | Arthropoda | Pancrustacea | Hexapoda | Insecta | Pterygota | Neoptera | Endopterygota | Hymenoptera | Apocrita | Aculeata | Vespoidea | Formicidae | Solenopsis | Solenopsis invicta,EOL:2913056 | EOL:6061725 | EOL:2908256 | EOL:2910700 | EOL:1 | EOL:3014411 | EOL:10459935 | EOL:8880788 | EOL:164 | EOL:10578120 | EOL:2634370 | EOL:344 | EOL:2634372 | EOL:1327472 | EOL:3016961 | EOL:648 | EOL:2717184 | EOL:2723467 | EOL:698 | EOL:699 | EOL:33045 | EOL:403244,,,,,,,,,,,,,,,,,http://www.ncbi.nlm.nih.gov/nuccore/199584149,http://www.ncbi.nlm.nih.gov/nuccore/199584149,"Sarah E Miller. 4/18/2016. Species associations from Wardeh, M. et al. Database of host-pathogen and related species interactions, and their global distribution. Sci. Data 2:150049 doi: 10.1038/sdata.2015.49 (2015)",https://zenodo.org/records/258189/files/millerse/Wardeh-et-al.-2015-v1.0.zip
Serratia marcescens,Life | Cellular Organisms | Bacteria | Proteobacteria | Gammaproteobacteria | Enterobacterales | Yersiniaceae | Serratia | Serratia marcescens,EOL:2913056 | EOL:6061725 | EOL:288 | EOL:311 | EOL:312 | EOL:3213 | EOL:51500567 | EOL:83136 | EOL:6375391,,,,,,,,,,,,,,hasHost,Solenopsis invicta,Life | Cellular Organisms | Eukaryota | Opisthokonta | Metazoa | Bilateria | Protostomia | Ecdysozoa | Arthropoda | Pancrustacea | Hexapoda | Insecta | Pterygota | Neoptera | Endopterygota | Hymenoptera | Apocrita | Aculeata | Vespoidea | Formicidae | Solenopsis | Solenopsis invicta,EOL:2913056 | EOL:6061725 | EOL:2908256 | EOL:2910700 | EOL:1 | EOL:3014411 | EOL:10459935 | EOL:8880788 | EOL:164 | EOL:10578120 | EOL:2634370 | EOL:344 | EOL:2634372 | EOL:1327472 | EOL:3016961 | EOL:648 | EOL:2717184 | EOL:2723467 | EOL:698 | EOL:699 | EOL:33045 | EOL:403244,,,,,,,,,,,,,,,,,http://www.ncbi.nlm.nih.gov/nuccore/61658341,http://www.ncbi.nlm.nih.gov/nuccore/61658341,"Sarah E Miller. 4/18/2016. Species associations from Wardeh, M. et al. Database of host-pathogen and related species interactions, and their global distribution. Sci. Data 2:150049 doi: 10.1038/sdata.2015.49 (2015)",https://zenodo.org/records/258189/files/millerse/Wardeh-et-al.-2015-v1.0.zip
Bacillus pumilus,Life | Cellular Organisms | Bacteria | Firmicutes | Bacilli | Bacillales | Bacillaceae | Bacillus | Bacillus pumilus,EOL:2913056 | EOL:6061725 | EOL:288 | EOL:7739 | EOL:7766 | EOL:7777 | EOL:7785 | EOL:83228 | EOL:974617,,,,,,,,,,,,,,hasHost,Solenopsis invicta,Life | Cellular Organisms | Eukaryota | Opisthokonta | Metazoa | Bilateria | Protostomia | Ecdysozoa | Arthropoda | Pancrustacea | Hexapoda | Insecta | Pterygota | Neoptera | Endopterygota | Hymenoptera | Apocrita | Aculeata | Vespoidea | Formicidae | Solenopsis | Solenopsis invicta,EOL:2913056 | EOL:6061725 | EOL:2908256 | EOL:2910700 | EOL:1 | EOL:3014411 | EOL:10459935 | EOL:8880788 | EOL:164 | EOL:10578120 | EOL:2634370 | EOL:344 | EOL:2634372 | EOL:1327472 | EOL:3016961 | EOL:648 | EOL:2717184 | EOL:2723467 | EOL:698 | EOL:699 | EOL:33045 | EOL:403244,,,,,,,,,,,,,,,,,http://www.ncbi.nlm.nih.gov/nuccore/61658339,http://www.ncbi.nlm.nih.gov/nuccore/61658339,"Sarah E Miller. 4/18/2016. Species associations from Wardeh, M. et al. Database of host-pathogen and related species interactions, and their global distribution. Sci. Data 2:150049 doi: 10.1038/sdata.2015.49 (2015)",https://zenodo.org/records/258189/files/millerse/Wardeh-et-al.-2015-v1.0.zip
Achromobacter xylosoxidans,Bacteria | Proteobacteria | Gammaproteobacteria | Burkholderiales | Burkholderiaceae | Achromobacter | Achromobacter xylosoxidans,GBIF:3 | GBIF:111 | GBIF:362 | GBIF:648 | GBIF:5438 | GBIF:3219782 | GBIF:4901762,,,,,,,,,,,,,,hasHost,Solenopsis invicta,Life | Cellular Organisms | Eukaryota | Opisthokonta | Metazoa | Bilateria | Protostomia | Ecdysozoa | Arthropoda | Pancrustacea | Hexapoda | Insecta | Pterygota | Neoptera | Endopterygota | Hymenoptera | Apocrita | Aculeata | Vespoidea | Formicidae | Solenopsis | Solenopsis invicta,EOL:2913056 | EOL:6061725 | EOL:2908256 | EOL:2910700 | EOL:1 | EOL:3014411 | EOL:10459935 | EOL:8880788 | EOL:164 | EOL:10578120 | EOL:2634370 | EOL:344 | EOL:2634372 | EOL:1327472 | EOL:3016961 | EOL:648 | EOL:2717184 | EOL:2723467 | EOL:698 | EOL:699 | EOL:33045 | EOL:403244,,,,,,,,,,,,,,,,,http://www.ncbi.nlm.nih.gov/nuccore/61658338,http://www.ncbi.nlm.nih.gov/nuccore/61658338,"Sarah E Miller. 4/18/2016. Species associations from Wardeh, M. et al. Database of host-pathogen and related species interactions, and their global distribution. Sci. Data 2:150049 doi: 10.1038/sdata.2015.49 (2015)",https://zenodo.org/records/258189/files/millerse/Wardeh-et-al.-2015-v1.0.zip
Pseudomonas aeruginosa,Life | Cellular Organisms | Bacteria | Proteobacteria | Gammaproteobacteria | Pseudomonadales | Pseudomonadaceae | Pseudomonas | Pseudomonas aeruginosa group | Pseudomonas aeruginosa,EOL:2913056 | EOL:6061725 | EOL:288 | EOL:311 | EOL:312 | EOL:325 | EOL:326 | EOL:46587985 | EOL:60958663 | EOL:973051,,,,,,,,,,,,,,hasHost,Solenopsis invicta,Life | Cellular Organisms | Eukaryota | Opisthokonta | Metazoa | Bilateria | Protostomia | Ecdysozoa | Arthropoda | Pancrustacea | Hexapoda | Insecta | Pterygota | Neoptera | Endopterygota | Hymenoptera | Apocrita | Aculeata | Vespoidea | Formicidae | Solenopsis | Solenopsis invicta,EOL:2913056 | EOL:6061725 | EOL:2908256 | EOL:2910700 | EOL:1 | EOL:3014411 | EOL:10459935 | EOL:8880788 | EOL:164 | EOL:10578120 | EOL:2634370 | EOL:344 | EOL:2634372 | EOL:1327472 | EOL:3016961 | EOL:648 | EOL:2717184 | EOL:2723467 | EOL:698 | EOL:699 | EOL:33045 | EOL:403244,,,,,,,,,,,,,,,,,http://www.ncbi.nlm.nih.gov/nuccore/61658337,http://www.ncbi.nlm.nih.gov/nuccore/61658337,"Sarah E Miller. 4/18/2016. Species associations from Wardeh, M. et al. Database of host-pathogen and related species interactions, and their global distribution. Sci. Data 2:150049 doi: 10.1038/sdata.2015.49 (2015)",https://zenodo.org/records/258189/files/millerse/Wardeh-et-al.-2015-v1.0.zip
Lactococcus garvieae,Life | Cellular Organisms | Bacteria | Firmicutes | Bacilli | Lactobacillales | Streptococcaceae | Lactococcus | Lactococcus garvieae,EOL:2913056 | EOL:6061725 | EOL:288 | EOL:7739 | EOL:7766 | EOL:7767 | EOL:7768 | EOL:83424 | EOL:974550,,,,,,,,,,,,,,hasHost,Solenopsis invicta,Life | Cellular Organisms | Eukaryota | Opisthokonta | Metazoa | Bilateria | Protostomia | Ecdysozoa | Arthropoda | Pancrustacea | Hexapoda | Insecta | Pterygota | Neoptera | Endopterygota | Hymenoptera | Apocrita | Aculeata | Vespoidea | Formicidae | Solenopsis | Solenopsis invicta,EOL:2913056 | EOL:6061725 | EOL:2908256 | EOL:2910700 | EOL:1 | EOL:3014411 | EOL:10459935 | EOL:8880788 | EOL:164 | EOL:10578120 | EOL:2634370 | EOL:344 | EOL:2634372 | EOL:1327472 | EOL:3016961 | EOL:648 | EOL:2717184 | EOL:2723467 | EOL:698 | EOL:699 | EOL:33045 | EOL:403244,,,,,,,,,,,,,,,,,http://www.ncbi.nlm.nih.gov/nuccore/61658335,http://www.ncbi.nlm.nih.gov/nuccore/61658335,"Sarah E Miller. 4/18/2016. Species associations from Wardeh, M. et al. Database of host-pathogen and related species interactions, and their global distribution. Sci. Data 2:150049 doi: 10.1038/sdata.2015.49 (2015)",https://zenodo.org/records/258189/files/millerse/Wardeh-et-al.-2015-v1.0.zip
Kluyvera cryocrescens,Life | Cellular Organisms | Bacteria | Proteobacteria | Gammaproteobacteria | Enterobacterales | Enterobacteriaceae | Kluyvera | Kluyvera cryocrescens,EOL:2913056 | EOL:6061725 | EOL:288 | EOL:311 | EOL:312 | EOL:3213 | EOL:3214 | EOL:97451 | EOL:972779,,,,,,,,,,,,,,hasHost,Solenopsis invicta,Life | Cellular Organisms | Eukaryota | Opisthokonta | Metazoa | Bilateria | Protostomia | Ecdysozoa | Arthropoda | Pancrustacea | Hexapoda | Insecta | Pterygota | Neoptera | Endopterygota | Hymenoptera | Apocrita | Aculeata | Vespoidea | Formicidae | Solenopsis | Solenopsis invicta,EOL:2913056 | EOL:6061725 | EOL:2908256 | EOL:2910700 | EOL:1 | EOL:3014411 | EOL:10459935 | EOL:8880788 | EOL:164 | EOL:10578120 | EOL:2634370 | EOL:344 | EOL:2634372 | EOL:1327472 | EOL:3016961 | EOL:648 | EOL:2717184 | EOL:2723467 | EOL:698 | EOL:699 | EOL:33045 | EOL:403244,,,,,,,,,,,,,,,,,http://www.ncbi.nlm.nih.gov/nuccore/61658334,http://www.ncbi.nlm.nih.gov/nuccore/61658334,"Sarah E Miller. 4/18/2016. Species associations from Wardeh, M. et al. Database of host-pathogen and related species interactions, and their global distribution. Sci. Data 2:150049 doi: 10.1038/sdata.2015.49 (2015)",https://zenodo.org/records/258189/files/millerse/Wardeh-et-al.-2015-v1.0.zip
Bacillus thuringiensis,Life | Cellular Organisms | Bacteria | Firmicutes | Bacilli | Bacillales | Bacillaceae | Bacillus | Bacillus cereus group | Bacillus thuringiensis,EOL:2913056 | EOL:6061725 | EOL:288 | EOL:7739 | EOL:7766 | EOL:7777 | EOL:7785 | EOL:83228 | EOL:60957367 | EOL:975750,,,,,,,,,,,,,,hasHost,Solenopsis invicta,Life | Cellular Organisms | Eukaryota | Opisthokonta | Metazoa | Bilateria | Protostomia | Ecdysozoa | Arthropoda | Pancrustacea | Hexapoda | Insecta | Pterygota | Neoptera | Endopterygota | Hymenoptera | Apocrita | Aculeata | Vespoidea | Formicidae | Solenopsis | Solenopsis invicta,EOL:2913056 | EOL:6061725 | EOL:2908256 | EOL:2910700 | EOL:1 | EOL:3014411 | EOL:10459935 | EOL:8880788 | EOL:164 | EOL:10578120 | EOL:2634370 | EOL:344 | EOL:2634372 | EOL:1327472 | EOL:3016961 | EOL:648 | EOL:2717184 | EOL:2723467 | EOL:698 | EOL:699 | EOL:33045 | EOL:403244,,,,,,,,,,,,,,,,,http://www.ncbi.nlm.nih.gov/nuccore/199584160,http://www.ncbi.nlm.nih.gov/nuccore/199584160,"Sarah E Miller. 4/18/2016. Species associations from Wardeh, M. et al. Database of host-pathogen and related species interactions, and their global distribution. Sci. Data 2:150049 doi: 10.1038/sdata.2015.49 (2015)",https://zenodo.org/records/258189/files/millerse/Wardeh-et-al.-2015-v1.0.zip
Staphylococcus epidermidis,Life | Cellular Organisms | Bacteria | Firmicutes | Bacilli | Bacillales | Staphylococcaceae | Staphylococcus | Staphylococcus epidermidis,EOL:2913056 | EOL:6061725 | EOL:288 | EOL:7739 | EOL:7766 | EOL:7777 | EOL:7780 | EOL:83232 | EOL:975953,,,,,,,,,,,,,,hasHost,Solenopsis invicta,Life | Cellular Organisms | Eukaryota | Opisthokonta | Metazoa | Bilateria | Protostomia | Ecdysozoa | Arthropoda | Pancrustacea | Hexapoda | Insecta | Pterygota | Neoptera | Endopterygota | Hymenoptera | Apocrita | Aculeata | Vespoidea | Formicidae | Solenopsis | Solenopsis invicta,EOL:2913056 | EOL:6061725 | EOL:2908256 | EOL:2910700 | EOL:1 | EOL:3014411 | EOL:10459935 | EOL:8880788 | EOL:164 | EOL:10578120 | EOL:2634370 | EOL:344 | EOL:2634372 | EOL:1327472 | EOL:3016961 | EOL:648 | EOL:2717184 | EOL:2723467 | EOL:698 | EOL:699 | EOL:33045 | EOL:403244,,,,,,,,,,,,,,,,,http://www.ncbi.nlm.nih.gov/nuccore/199584157,http://www.ncbi.nlm.nih.gov/nuccore/199584157,"Sarah E Miller. 4/18/2016. Species associations from Wardeh, M. et al. Database of host-pathogen and related species interactions, and their global distribution. Sci. Data 2:150049 doi: 10.1038/sdata.2015.49 (2015)",https://zenodo.org/records/258189/files/millerse/Wardeh-et-al.-2015-v1.0.zip
Bacillus subtilis,Life | Cellular Organisms | Bacteria | Firmicutes | Bacilli | Bacillales | Bacillaceae | Bacillus | Bacillus subtilis group | Bacillus subtilis,EOL:2913056 | EOL:6061725 | EOL:288 | EOL:7739 | EOL:7766 | EOL:7777 | EOL:7785 | EOL:83228 | EOL:60957369 | EOL:2912748,,,,,,,,,,,,,,hasHost,Solenopsis invicta,Life | Cellular Organisms | Eukaryota | Opisthokonta | Metazoa | Bilateria | Protostomia | Ecdysozoa | Arthropoda | Pancrustacea | Hexapoda | Insecta | Pterygota | Neoptera | Endopterygota | Hymenoptera | Apocrita | Aculeata | Vespoidea | Formicidae | Solenopsis | Solenopsis invicta,EOL:2913056 | EOL:6061725 | EOL:2908256 | EOL:2910700 | EOL:1 | EOL:3014411 | EOL:10459935 | EOL:8880788 | EOL:164 | EOL:10578120 | EOL:2634370 | EOL:344 | EOL:2634372 | EOL:1327472 | EOL:3016961 | EOL:648 | EOL:2717184 | EOL:2723467 | EOL:698 | EOL:699 | EOL:33045 | EOL:403244,,,,,,,,,,,,,,,,,http://www.ncbi.nlm.nih.gov/nuccore/199584155,http://www.ncbi.nlm.nih.gov/nuccore/199584155,"Sarah E Miller. 4/18/2016. Species associations from Wardeh, M. et al. Database of host-pathogen and related species interactions, and their global distribution. Sci. Data 2:150049 doi: 10.1038/sdata.2015.49 (2015)",https://zenodo.org/records/258189/files/millerse/Wardeh-et-al.-2015-v1.0.zip
Staphylococcus hominis,Life | Cellular Organisms | Bacteria | Firmicutes | Bacilli | Bacillales | Staphylococcaceae | Staphylococcus | Staphylococcus hominis,EOL:2913056 | EOL:6061725 | EOL:288 | EOL:7739 | EOL:7766 | EOL:7777 | EOL:7780 | EOL:83232 | EOL:6382653,,,,,,,,,,,,,,hasHost,Solenopsis invicta,Life | Cellular Organisms | Eukaryota | Opisthokonta | Metazoa | Bilateria | Protostomia | Ecdysozoa | Arthropoda | Pancrustacea | Hexapoda | Insecta | Pterygota | Neoptera | Endopterygota | Hymenoptera | Apocrita | Aculeata | Vespoidea | Formicidae | Solenopsis | Solenopsis invicta,EOL:2913056 | EOL:6061725 | EOL:2908256 | EOL:2910700 | EOL:1 | EOL:3014411 | EOL:10459935 | EOL:8880788 | EOL:164 | EOL:10578120 | EOL:2634370 | EOL:344 | EOL:2634372 | EOL:1327472 | EOL:3016961 | EOL:648 | EOL:2717184 | EOL:2723467 | EOL:698 | EOL:699 | EOL:33045 | EOL:403244,,,,,,,,,,,,,,,,,http://www.ncbi.nlm.nih.gov/nuccore/199584148,http://www.ncbi.nlm.nih.gov/nuccore/199584148,"Sarah E Miller. 4/18/2016. Species associations from Wardeh, M. et al. Database of host-pathogen and related species interactions, and their global distribution. Sci. Data 2:150049 doi: 10.1038/sdata.2015.49 (2015)",https://zenodo.org/records/258189/files/millerse/Wardeh-et-al.-2015-v1.0.zip
Bacillus cereus,Life | Cellular Organisms | Bacteria | Firmicutes | Bacilli | Bacillales | Bacillaceae | Bacillus | Bacillus cereus group | Bacillus cereus,EOL:2913056 | EOL:6061725 | EOL:288 | EOL:7739 | EOL:7766 | EOL:7777 | EOL:7785 | EOL:83228 | EOL:60957367 | EOL:975678,,,,,,,,,,,,,,hasHost,Solenopsis invicta,Life | Cellular Organisms | Eukaryota | Opisthokonta | Metazoa | Bilateria | Protostomia | Ecdysozoa | Arthropoda | Pancrustacea | Hexapoda | Insecta | Pterygota | Neoptera | Endopterygota | Hymenoptera | Apocrita | Aculeata | Vespoidea | Formicidae | Solenopsis | Solenopsis invicta,EOL:2913056 | EOL:6061725 | EOL:2908256 | EOL:2910700 | EOL:1 | EOL:3014411 | EOL:10459935 | EOL:8880788 | EOL:164 | EOL:10578120 | EOL:2634370 | EOL:344 | EOL:2634372 | EOL:1327472 | EOL:3016961 | EOL:648 | EOL:2717184 | EOL:2723467 | EOL:698 | EOL:699 | EOL:33045 | EOL:403244,,,,,,,,,,,,,,,,,http://www.ncbi.nlm.nih.gov/nuccore/199584145,http://www.ncbi.nlm.nih.gov/nuccore/199584145,"Sarah E Miller. 4/18/2016. Species associations from Wardeh, M. et al. Database of host-pathogen and related species interactions, and their global distribution. Sci. Data 2:150049 doi: 10.1038/sdata.2015.49 (2015)",https://zenodo.org/records/258189/files/millerse/Wardeh-et-al.-2015-v1.0.zip
Burenella dimorpha,Life | Cellular Organisms | Eukaryota | Opisthokonta | Nucletmycea | Fungi | Microsporidia | Pansporoblastina | Burenellidae | Burenella | Burenella dimorpha,EOL:2913056 | EOL:6061725 | EOL:2908256 | EOL:2910700 | EOL:46702381 | EOL:46702383 | EOL:5006395 | EOL:11926996 | EOL:4955826 | EOL:2910922 | EOL:5006289,,,,,,,,,,,,,,pathogenOf,Solenopsis invicta,Life | Cellular Organisms | Eukaryota | Opisthokonta | Metazoa | Bilateria | Protostomia | Ecdysozoa | Arthropoda | Pancrustacea | Hexapoda | Insecta | Pterygota | Neoptera | Endopterygota | Hymenoptera | Apocrita | Aculeata | Vespoidea | Formicidae | Solenopsis | Solenopsis invicta,EOL:2913056 | EOL:6061725 | EOL:2908256 | EOL:2910700 | EOL:1 | EOL:3014411 | EOL:10459935 | EOL:8880788 | EOL:164 | EOL:10578120 | EOL:2634370 | EOL:344 | EOL:2634372 | EOL:1327472 | EOL:3016961 | EOL:648 | EOL:2717184 | EOL:2723467 | EOL:698 | EOL:699 | EOL:33045 | EOL:403244,,,,,,,,,,,,,,,,,"Jouvenaz, D.P., and Lofgren, C.S., 1984. Host specificity of Burenella dimorpha (Microspora: Microsporida). J. Invertebr. Pathol. 43: 441-442.",,"Sarah E Miller. 12/13/2016. Species associations manually extracted from Onstad, D.W. EDWIP: Ecological Database of the World's Insect Pathogens. Champaign, Illinois: Illinois Natural History Survey, [23/11/2016]. http://insectweb.inhs.uiuc.edu/Pathogens/EDWIP.",https://zenodo.org/records/258220/files/millerse/Ecological-Database-of-the-World-s-Insect-Pathogens-v1.0.zip
Vairimorpha invictae,Life | Cellular Organisms | Eukaryota | Opisthokonta | Nucletmycea | Fungi | Microsporidia | Pansporoblastina | Burenellidae | Vairimorpha | Vairimorpha invictae,EOL:2913056 | EOL:6061725 | EOL:2908256 | EOL:2910700 | EOL:46702381 | EOL:46702383 | EOL:5006395 | EOL:11926996 | EOL:4955826 | EOL:2910925 | EOL:4955828,,,,,,,,,,,,,,pathogenOf,Solenopsis invicta,Life | Cellular Organisms | Eukaryota | Opisthokonta | Metazoa | Bilateria | Protostomia | Ecdysozoa | Arthropoda | Pancrustacea | Hexapoda | Insecta | Pterygota | Neoptera | Endopterygota | Hymenoptera | Apocrita | Aculeata | Vespoidea | Formicidae | Solenopsis | Solenopsis invicta,EOL:2913056 | EOL:6061725 | EOL:2908256 | EOL:2910700 | EOL:1 | EOL:3014411 | EOL:10459935 | EOL:8880788 | EOL:164 | EOL:10578120 | EOL:2634370 | EOL:344 | EOL:2634372 | EOL:1327472 | EOL:3016961 | EOL:648 | EOL:2717184 | EOL:2723467 | EOL:698 | EOL:699 | EOL:33045 | EOL:403244,,,,,,,,,,,,,,,,,"Jouvenaz, D.P., and Ellis, E.A., 1986. Vairimorpha invictae n. sp. (Microspora: Microsporidia), a parasite of the red imported fire ant. Solenopsis invicta Buren (Hymenoptera: Formicidae). J. Protozool. 33: 457-461.",,"Sarah E Miller. 12/13/2016. Species associations manually extracted from Onstad, D.W. EDWIP: Ecological Database of the World's Insect Pathogens. Champaign, Illinois: Illinois Natural History Survey, [23/11/2016]. http://insectweb.inhs.uiuc.edu/Pathogens/EDWIP.",https://zenodo.org/records/258220/files/millerse/Ecological-Database-of-the-World-s-Insect-Pathogens-v1.0.zip
Vairimorpha invictae,Life | Cellular Organisms | Eukaryota | Opisthokonta | Nucletmycea | Fungi | Microsporidia | Pansporoblastina | Burenellidae | Vairimorpha | Vairimorpha invictae,EOL:2913056 | EOL:6061725 | EOL:2908256 | EOL:2910700 | EOL:46702381 | EOL:46702383 | EOL:5006395 | EOL:11926996 | EOL:4955826 | EOL:2910925 | EOL:4955828,,,,,,,,,,,,,,pathogenOf,Solenopsis invicta,Life | Cellular Organisms | Eukaryota | Opisthokonta | Metazoa | Bilateria | Protostomia | Ecdysozoa | Arthropoda | Pancrustacea | Hexapoda | Insecta | Pterygota | Neoptera | Endopterygota | Hymenoptera | Apocrita | Aculeata | Vespoidea | Formicidae | Solenopsis | Solenopsis invicta,EOL:2913056 | EOL:6061725 | EOL:2908256 | EOL:2910700 | EOL:1 | EOL:3014411 | EOL:10459935 | EOL:8880788 | EOL:164 | EOL:10578120 | EOL:2634370 | EOL:344 | EOL:2634372 | EOL:1327472 | EOL:3016961 | EOL:648 | EOL:2717184 | EOL:2723467 | EOL:698 | EOL:699 | EOL:33045 | EOL:403244,,,,,,,,,,,,,,,,,"Jouvenaz, D.P., and Ellis, E.A., 1986. Vairimorpha invictae n. sp. (Microspora: Microsporidia), a parasite of the red imported fire ant. Solenopsis invicta Buren (Hymenoptera: Formicidae). J. Protozool. 33: 457-461.",,"Sarah E Miller. 12/13/2016. Species associations manually extracted from Onstad, D.W. EDWIP: Ecological Database of the World's Insect Pathogens. Champaign, Illinois: Illinois Natural History Survey, [23/11/2016]. http://insectweb.inhs.uiuc.edu/Pathogens/EDWIP.",https://zenodo.org/records/258220/files/millerse/Ecological-Database-of-the-World-s-Insect-Pathogens-v1.0.zip
Vairimorpha invictae,Life | Cellular Organisms | Eukaryota | Opisthokonta | Nucletmycea | Fungi | Microsporidia | Pansporoblastina | Burenellidae | Vairimorpha | Vairimorpha invictae,EOL:2913056 | EOL:6061725 | EOL:2908256 | EOL:2910700 | EOL:46702381 | EOL:46702383 | EOL:5006395 | EOL:11926996 | EOL:4955826 | EOL:2910925 | EOL:4955828,,,,,,,,,,,,,,pathogenOf,Solenopsis invicta,Life | Cellular Organisms | Eukaryota | Opisthokonta | Metazoa | Bilateria | Protostomia | Ecdysozoa | Arthropoda | Pancrustacea | Hexapoda | Insecta | Pterygota | Neoptera | Endopterygota | Hymenoptera | Apocrita | Aculeata | Vespoidea | Formicidae | Solenopsis | Solenopsis invicta,EOL:2913056 | EOL:6061725 | EOL:2908256 | EOL:2910700 | EOL:1 | EOL:3014411 | EOL:10459935 | EOL:8880788 | EOL:164 | EOL:10578120 | EOL:2634370 | EOL:344 | EOL:2634372 | EOL:1327472 | EOL:3016961 | EOL:648 | EOL:2717184 | EOL:2723467 | EOL:698 | EOL:699 | EOL:33045 | EOL:403244,,,,,,,,,,,,,,,,,"Jouvenaz, D.P., and Ellis, E.A., 1986. Vairimorpha invictae n. sp. (Microspora: Microsporidia), a parasite of the red imported fire ant. Solenopsis invicta Buren (Hymenoptera: Formicidae). J. Protozool. 33: 457-461.",,"Sarah E Miller. 12/13/2016. Species associations manually extracted from Onstad, D.W. EDWIP: Ecological Database of the World's Insect Pathogens. Champaign, Illinois: Illinois Natural History Survey, [23/11/2016]. http://insectweb.inhs.uiuc.edu/Pathogens/EDWIP.",https://zenodo.org/records/258220/files/millerse/Ecological-Database-of-the-World-s-Insect-Pathogens-v1.0.zip
Thelohania,Life | Cellular Organisms | Eukaryota | Opisthokonta | Nucletmycea | Fungi | Microsporidia | Pansporoblastina | Thelohaniidae | Thelohania,EOL:2913056 | EOL:6061725 | EOL:2908256 | EOL:2910700 | EOL:46702381 | EOL:46702383 | EOL:5006395 | EOL:11926996 | EOL:2707 | EOL:2910909,,,,,,,,,,,,,,pathogenOf,Solenopsis invicta,Life | Cellular Organisms | Eukaryota | Opisthokonta | Metazoa | Bilateria | Protostomia | Ecdysozoa | Arthropoda | Pancrustacea | Hexapoda | Insecta | Pterygota | Neoptera | Endopterygota | Hymenoptera | Apocrita | Aculeata | Vespoidea | Formicidae | Solenopsis | Solenopsis invicta,EOL:2913056 | EOL:6061725 | EOL:2908256 | EOL:2910700 | EOL:1 | EOL:3014411 | EOL:10459935 | EOL:8880788 | EOL:164 | EOL:10578120 | EOL:2634370 | EOL:344 | EOL:2634372 | EOL:1327472 | EOL:3016961 | EOL:648 | EOL:2717184 | EOL:2723467 | EOL:698 | EOL:699 | EOL:33045 | EOL:403244,,,,,,,,,,,,,,,,,"Sprague, V. 1977. Annotated List of Species of Microsporidia. pp. 31-334. In Bulla, L.A. and Cheng, T.C. [eds.], Comparative Pathobiology V. 2; Systematics of the Microsporidia. Plenum Press, New York; Allen, G.E., and Buren, W.F. 1974. Microsporidan and fungal diseases of Solenopsis invicta Buren in Brazil. J.N.Y. Entomol. Soc. 82:125-130.",,"Sarah E Miller. 12/13/2016. Species associations manually extracted from Onstad, D.W. EDWIP: Ecological Database of the World's Insect Pathogens. Champaign, Illinois: Illinois Natural History Survey, [23/11/2016]. http://insectweb.inhs.uiuc.edu/Pathogens/EDWIP.",https://zenodo.org/records/258220/files/millerse/Ecological-Database-of-the-World-s-Insect-Pathogens-v1.0.zip
Metarhizium anisopliae,Life | Cellular Organisms | Eukaryota | Opisthokonta | Nucletmycea | Fungi | Dikarya | Ascomycota | Sordariomycetes | Hypocreales | Clavicipitaceae | Metarhizium | Metarhizium anisopliae,EOL:2913056 | EOL:6061725 | EOL:2908256 | EOL:2910700 | EOL:46702381 | EOL:46702383 | EOL:10594877 | EOL:5577 | EOL:2858320 | EOL:5645 | EOL:5648 | EOL:21271 | EOL:992622,,,,,,,,,,,,,,pathogenOf,Solenopsis invicta,Life | Cellular Organisms | Eukaryota | Opisthokonta | Metazoa | Bilateria | Protostomia | Ecdysozoa | Arthropoda | Pancrustacea | Hexapoda | Insecta | Pterygota | Neoptera | Endopterygota | Hymenoptera | Apocrita | Aculeata | Vespoidea | Formicidae | Solenopsis | Solenopsis invicta,EOL:2913056 | EOL:6061725 | EOL:2908256 | EOL:2910700 | EOL:1 | EOL:3014411 | EOL:10459935 | EOL:8880788 | EOL:164 | EOL:10578120 | EOL:2634370 | EOL:344 | EOL:2634372 | EOL:1327472 | EOL:3016961 | EOL:648 | EOL:2717184 | EOL:2723467 | EOL:698 | EOL:699 | EOL:33045 | EOL:403244,,,,,,,,,,,,,,,,,"Humber, R.A. 1995. Collection of entomopathogenic fungal cultures (unpublished) U.S. Department of Agriculture, Agriculture Research Service, Plant Protection Research Unit, U.S. Plant, Soil, and Water Laboratory, Tower Rd., Ithaca, N. Y. 14853-0331.; Humber, R.A. 1999? Collection of entomopathogenic fungal cultures (unpublished) U.S. Department of Agriculture, Agriculture Research Service, Plant Protection Research Unit, U.S. Plant, Soil, and Water Laboratory, Tower Rd., Ithaca, N. Y. 14853-0331.",,"Sarah E Miller. 12/13/2016. Species associations manually extracted from Onstad, D.W. EDWIP: Ecological Database of the World's Insect Pathogens. Champaign, Illinois: Illinois Natural History Survey, [23/11/2016]. http://insectweb.inhs.uiuc.edu/Pathogens/EDWIP.",https://zenodo.org/records/258220/files/millerse/Ecological-Database-of-the-World-s-Insect-Pathogens-v1.0.zip
Beauveria bassiana,Life | Cellular Organisms | Eukaryota | Opisthokonta | Nucletmycea | Fungi | Dikarya | Ascomycota | Sordariomycetes | Hypocreales | Cordycipitaceae | Beauveria | Beauveria bassiana,EOL:2913056 | EOL:6061725 | EOL:2908256 | EOL:2910700 | EOL:46702381 | EOL:46702383 | EOL:10594877 | EOL:5577 | EOL:2858320 | EOL:5645 | EOL:8565449 | EOL:16601 | EOL:160292,,,,,,,,,,,,,,pathogenOf,Solenopsis invicta,Life | Cellular Organisms | Eukaryota | Opisthokonta | Metazoa | Bilateria | Protostomia | Ecdysozoa | Arthropoda | Pancrustacea | Hexapoda | Insecta | Pterygota | Neoptera | Endopterygota | Hymenoptera | Apocrita | Aculeata | Vespoidea | Formicidae | Solenopsis | Solenopsis invicta,EOL:2913056 | EOL:6061725 | EOL:2908256 | EOL:2910700 | EOL:1 | EOL:3014411 | EOL:10459935 | EOL:8880788 | EOL:164 | EOL:10578120 | EOL:2634370 | EOL:344 | EOL:2634372 | EOL:1327472 | EOL:3016961 | EOL:648 | EOL:2717184 | EOL:2723467 | EOL:698 | EOL:699 | EOL:33045 | EOL:403244,,,,,,,,,,,,,,,,,"Humber, R.A. 1992. Collection of entomopathogenic fungal cultures: catolog of strains, 1992. U.S. Department of Agriculture, Agriculture Research Service. ARS-110. 177pp. (Plant Protection Research Unit, U.S. Plant, Soil, and Water Laboratory, Tower Rd., Ithaca, N. Y. 14853-0331.); Sanchez-Pena, S.R., and Thorvilson, H. G. 1995. Effect of long-term storage and conidial suspending agents on the virulence of Beauveria bassiana towardSolenopsis invicta. J. Invertebr. Pathol. 65: 248-252.",,"Sarah E Miller. 12/13/2016. Species associations manually extracted from Onstad, D.W. EDWIP: Ecological Database of the World's Insect Pathogens. Champaign, Illinois: Illinois Natural History Survey, [23/11/2016]. http://insectweb.inhs.uiuc.edu/Pathogens/EDWIP.",https://zenodo.org/records/258220/files/millerse/Ecological-Database-of-the-World-s-Insect-Pathogens-v1.0.zip
Beauveria bassiana,Life | Cellular Organisms | Eukaryota | Opisthokonta | Nucletmycea | Fungi | Dikarya | Ascomycota | Sordariomycetes | Hypocreales | Cordycipitaceae | Beauveria | Beauveria bassiana,EOL:2913056 | EOL:6061725 | EOL:2908256 | EOL:2910700 | EOL:46702381 | EOL:46702383 | EOL:10594877 | EOL:5577 | EOL:2858320 | EOL:5645 | EOL:8565449 | EOL:16601 | EOL:160292,,,,,,,,,,,,,,pathogenOf,Solenopsis invicta,Life | Cellular Organisms | Eukaryota | Opisthokonta | Metazoa | Bilateria | Protostomia | Ecdysozoa | Arthropoda | Pancrustacea | Hexapoda | Insecta | Pterygota | Neoptera | Endopterygota | Hymenoptera | Apocrita | Aculeata | Vespoidea | Formicidae | Solenopsis | Solenopsis invicta,EOL:2913056 | EOL:6061725 | EOL:2908256 | EOL:2910700 | EOL:1 | EOL:3014411 | EOL:10459935 | EOL:8880788 | EOL:164 | EOL:10578120 | EOL:2634370 | EOL:344 | EOL:2634372 | EOL:1327472 | EOL:3016961 | EOL:648 | EOL:2717184 | EOL:2723467 | EOL:698 | EOL:699 | EOL:33045 | EOL:403244,,,,,,,,,,,,,,,,,"Humber, R.A. 1992. Collection of entomopathogenic fungal cultures: catolog of strains, 1992. U.S. Department of Agriculture, Agriculture Research Service. ARS-110. 177pp. (Plant Protection Research Unit, U.S. Plant, Soil, and Water Laboratory, Tower Rd., Ithaca, N. Y. 14853-0331.); Sanchez-Pena, S.R., and Thorvilson, H. G. 1995. Effect of long-term storage and conidial suspending agents on the virulence of Beauveria bassiana towardSolenopsis invicta. J. Invertebr. Pathol. 65: 248-252.",,"Sarah E Miller. 12/13/2016. Species associations manually extracted from Onstad, D.W. EDWIP: Ecological Database of the World's Insect Pathogens. Champaign, Illinois: Illinois Natural History Survey, [23/11/2016]. http://insectweb.inhs.uiuc.edu/Pathogens/EDWIP.",https://zenodo.org/records/258220/files/millerse/Ecological-Database-of-the-World-s-Insect-Pathogens-v1.0.zip
Beauveria brongniartii,Life | Cellular Organisms | Eukaryota | Opisthokonta | Nucletmycea | Fungi | Dikarya | Ascomycota | Sordariomycetes | Hypocreales | Cordycipitaceae | Beauveria | Beauveria brongniartii,EOL:2913056 | EOL:6061725 | EOL:2908256 | EOL:2910700 | EOL:46702381 | EOL:46702383 | EOL:10594877 | EOL:5577 | EOL:2858320 | EOL:5645 | EOL:8565449 | EOL:16601 | EOL:191973,,,,,,,,,,,,,,pathogenOf,Solenopsis invicta,Life | Cellular Organisms | Eukaryota | Opisthokonta | Metazoa | Bilateria | Protostomia | Ecdysozoa | Arthropoda | Pancrustacea | Hexapoda | Insecta | Pterygota | Neoptera | Endopterygota | Hymenoptera | Apocrita | Aculeata | Vespoidea | Formicidae | Solenopsis | Solenopsis invicta,EOL:2913056 | EOL:6061725 | EOL:2908256 | EOL:2910700 | EOL:1 | EOL:3014411 | EOL:10459935 | EOL:8880788 | EOL:164 | EOL:10578120 | EOL:2634370 | EOL:344 | EOL:2634372 | EOL:1327472 | EOL:3016961 | EOL:648 | EOL:2717184 | EOL:2723467 | EOL:698 | EOL:699 | EOL:33045 | EOL:403244,,,,,,,,,,,,,,,,,"Humber, R.A. 1992. Collection of entomopathogenic fungal cultures: catolog of strains, 1992. U.S. Department of Agriculture, Agriculture Research Service. ARS-110. 177pp. (Plant Protection Research Unit, U.S. Plant, Soil, and Water Laboratory, Tower Rd., Ithaca, N. Y. 14853-0331.)",,"Sarah E Miller. 12/13/2016. Species associations manually extracted from Onstad, D.W. EDWIP: Ecological Database of the World's Insect Pathogens. Champaign, Illinois: Illinois Natural History Survey, [23/11/2016]. http://insectweb.inhs.uiuc.edu/Pathogens/EDWIP.",https://zenodo.org/records/258220/files/millerse/Ecological-Database-of-the-World-s-Insect-Pathogens-v1.0.zip
Conidiobolus,Life | Cellular Organisms | Eukaryota | Opisthokonta | Nucletmycea | Fungi | Zoopagomycota | Entomophthoromycotina | Entomophthoromycetes | Entomophthorales | Ancylistaceae | Conidiobolus,EOL:2913056 | EOL:6061725 | EOL:2908256 | EOL:2910700 | EOL:46702381 | EOL:46702383 | EOL:52236644 | EOL:52236645 | EOL:39997971 | EOL:6325 | EOL:6326 | EOL:38230,,,,,,,,,,,,,,pathogenOf,Solenopsis invicta,Life | Cellular Organisms | Eukaryota | Opisthokonta | Metazoa | Bilateria | Protostomia | Ecdysozoa | Arthropoda | Pancrustacea | Hexapoda | Insecta | Pterygota | Neoptera | Endopterygota | Hymenoptera | Apocrita | Aculeata | Vespoidea | Formicidae | Solenopsis | Solenopsis invicta,EOL:2913056 | EOL:6061725 | EOL:2908256 | EOL:2910700 | EOL:1 | EOL:3014411 | EOL:10459935 | EOL:8880788 | EOL:164 | EOL:10578120 | EOL:2634370 | EOL:344 | EOL:2634372 | EOL:1327472 | EOL:3016961 | EOL:648 | EOL:2717184 | EOL:2723467 | EOL:698 | EOL:699 | EOL:33045 | EOL:403244,,,,,,,,,,,,,,,,,"Humber, R.A. 1992. Collection of entomopathogenic fungal cultures: catolog of strains, 1992. U.S. Department of Agriculture, Agriculture Research Service. ARS-110. 177pp. (Plant Protection Research Unit, U.S. Plant, Soil, and Water Laboratory, Tower Rd., Ithaca, N. Y. 14853-0331.)",,"Sarah E Miller. 12/13/2016. Species associations manually extracted from Onstad, D.W. EDWIP: Ecological Database of the World's Insect Pathogens. Champaign, Illinois: Illinois Natural History Survey, [23/11/2016]. http://insectweb.inhs.uiuc.edu/Pathogens/EDWIP.",https://zenodo.org/records/258220/files/millerse/Ecological-Database-of-the-World-s-Insect-Pathogens-v1.0.zip
Beauveria amorpha,Life | Cellular Organisms | Eukaryota | Opisthokonta | Nucletmycea | Fungi | Dikarya | Ascomycota | Sordariomycetes | Hypocreales | Cordycipitaceae | Beauveria | Beauveria amorpha,EOL:2913056 | EOL:6061725 | EOL:2908256 | EOL:2910700 | EOL:46702381 | EOL:46702383 | EOL:10594877 | EOL:5577 | EOL:2858320 | EOL:5645 | EOL:8565449 | EOL:16601 | EOL:301755,178e9f6a-8fa6-452f-b6c5-b09ebb4dda4c,BPI,,BPI 880996,,,,,,,,,PreservedSpecimen,interactsWith,Formicidae,Life | Cellular Organisms | Eukaryota | Opisthokonta | Metazoa | Bilateria | Protostomia | Ecdysozoa | Arthropoda | Pancrustacea | Hexapoda | Insecta | Pterygota | Neoptera | Endopterygota | Hymenoptera | Apocrita | Aculeata | Vespoidea | Formicidae,EOL:2913056 | EOL:6061725 | EOL:2908256 | EOL:2910700 | EOL:1 | EOL:3014411 | EOL:10459935 | EOL:8880788 | EOL:164 | EOL:10578120 | EOL:2634370 | EOL:344 | EOL:2634372 | EOL:1327472 | EOL:3016961 | EOL:648 | EOL:2717184 | EOL:2723467 | EOL:698 | EOL:699,,,,,,,,,,,,,PreservedSpecimen,,,1988-11-23T00:00:00Z,https://mycoportal.org/portal/collections/individual/index.php?occid=1842337,https://mycoportal.org/portal/collections/individual/index.php?occid=1842337,Mycology Collections Data Portal (MyCoPortal). https://mycoportal.org,https://github.com/globalbioticinteractions/mycoportal/archive/646fe260d16e7ae85451d1813a1df332e8525a8d.zip
Ophiocordyceps myrmecophila,Life | Cellular Organisms | Eukaryota | Opisthokonta | Nucletmycea | Fungi | Dikarya | Ascomycota | Sordariomycetes | Hypocreales | Ophiocordycipitaceae | Ophiocordyceps | Ophiocordyceps myrmecophila,EOL:2913056 | EOL:6061725 | EOL:2908256 | EOL:2910700 | EOL:46702381 | EOL:46702383 | EOL:10594877 | EOL:5577 | EOL:2858320 | EOL:5645 | EOL:8564101 | EOL:6471306 | EOL:8565493,2578a6ea-0b49-486a-9ac2-f711dd7a3ba6,BPI,,BPI 634619,,,,,,,,,PreservedSpecimen,hasHost,Formicidae,Life | Cellular Organisms | Eukaryota | Opisthokonta | Metazoa | Bilateria | Protostomia | Ecdysozoa | Arthropoda | Pancrustacea | Hexapoda | Insecta | Pterygota | Neoptera | Endopterygota | Hymenoptera | Apocrita | Aculeata | Vespoidea | Formicidae,EOL:2913056 | EOL:6061725 | EOL:2908256 | EOL:2910700 | EOL:1 | EOL:3014411 | EOL:10459935 | EOL:8880788 | EOL:164 | EOL:10578120 | EOL:2634370 | EOL:344 | EOL:2634372 | EOL:1327472 | EOL:3016961 | EOL:648 | EOL:2717184 | EOL:2723467 | EOL:698 | EOL:699,,,,,,,,,,,,,PreservedSpecimen,,,1934-06-07T00:00:00Z,https://mycoportal.org/portal/collections/individual/index.php?occid=1564673,https://mycoportal.org/portal/collections/individual/index.php?occid=1564673,Mycology Collections Data Portal (MyCoPortal). https://mycoportal.org,https://github.com/globalbioticinteractions/mycoportal/archive/646fe260d16e7ae85451d1813a1df332e8525a8d.zip
