source_taxon_name,interaction_type,target_taxon_name,study_citation,study_url,study_source_archive_uri,categoria
Cicadoidea,preyedUponBy,Camponotus pennsylvanicus,https://www.inaturalist.org/observations/84384869,https://www.inaturalist.org/observations/84384869,https://github.com/globalbioticinteractions/inaturalist/archive/b19ef1c1934c31e033fe4f1a81259fc257e55013.zip,Observação de ocorrência
Aphididae,interactsWith,Camponotus pennsylvanicus,https://www.inaturalist.org/observations/79866831,https://www.inaturalist.org/observations/79866831,https://github.com/globalbioticinteractions/inaturalist/archive/b19ef1c1934c31e033fe4f1a81259fc257e55013.zip,Observação de ocorrência
Apis mellifera,eatenBy,Camponotus pennsylvanicus,https://www.inaturalist.org/observations/79784756,https://www.inaturalist.org/observations/79784756,https://github.com/globalbioticinteractions/inaturalist/archive/b19ef1c1934c31e033fe4f1a81259fc257e55013.zip,Observação de ocorrência
Plagiodera versicolora,interactsWith,Camponotus pennsylvanicus,https://www.inaturalist.org/observations/170596020,https://www.inaturalist.org/observations/170596020,https://github.com/globalbioticinteractions/inaturalist/archive/b19ef1c1934c31e033fe4f1a81259fc257e55013.zip,Observação de ocorrência
Erebidae,preyedUponBy,Camponotus pennsylvanicus,https://www.inaturalist.org/observations/70978646,https://www.inaturalist.org/observations/70978646,https://github.com/globalbioticinteractions/inaturalist/archive/b19ef1c1934c31e033fe4f1a81259fc257e55013.zip,Observação de ocorrência
Entylia carinata,interactsWith,Camponotus pennsylvanicus,https://www.inaturalist.org/observations/165643531,https://www.inaturalist.org/observations/165643531,https://github.com/globalbioticinteractions/inaturalist/archive/b19ef1c1934c31e033fe4f1a81259fc257e55013.zip,Observação de ocorrência
Auchenorrhyncha,eatenBy,Camponotus pennsylvanicus,https://www.inaturalist.org/observations/155760856,https://www.inaturalist.org/observations/155760856,https://github.com/globalbioticinteractions/inaturalist/archive/b19ef1c1934c31e033fe4f1a81259fc257e55013.zip,Observação de ocorrência
Lepidoptera,preyedUponBy,Camponotus pennsylvanicus,https://www.inaturalist.org/observations/57288703,https://www.inaturalist.org/observations/57288703,https://github.com/globalbioticinteractions/inaturalist/archive/b19ef1c1934c31e033fe4f1a81259fc257e55013.zip,Observação de ocorrência
Anisoptera,eatenBy,Camponotus pennsylvanicus,https://www.inaturalist.org/observations/236212073,https://www.inaturalist.org/observations/236212073,https://github.com/globalbioticinteractions/inaturalist/archive/b19ef1c1934c31e033fe4f1a81259fc257e55013.zip,Observação de ocorrência
Limenitis arthemis,eatenBy,Camponotus pennsylvanicus,https://www.inaturalist.org/observations/233671385,https://www.inaturalist.org/observations/233671385,https://github.com/globalbioticinteractions/inaturalist/archive/b19ef1c1934c31e033fe4f1a81259fc257e55013.zip,Observação de ocorrência
Aphis coreopsidis,interactsWith,Camponotus pennsylvanicus,https://www.inaturalist.org/observations/136918545,https://www.inaturalist.org/observations/136918545,https://github.com/globalbioticinteractions/inaturalist/archive/b19ef1c1934c31e033fe4f1a81259fc257e55013.zip,Observação de ocorrência
Aphis coreopsidis,symbiontOf,Camponotus pennsylvanicus,https://www.inaturalist.org/observations/136918545,https://www.inaturalist.org/observations/136918545,https://github.com/globalbioticinteractions/inaturalist/archive/b19ef1c1934c31e033fe4f1a81259fc257e55013.zip,Observação de ocorrência
Myrmica rubra,eatenBy,Camponotus pennsylvanicus,https://www.inaturalist.org/observations/230366068,https://www.inaturalist.org/observations/230366068,https://github.com/globalbioticinteractions/inaturalist/archive/b19ef1c1934c31e033fe4f1a81259fc257e55013.zip,Observação de ocorrência
Tanytarsus,eatenBy,Camponotus pennsylvanicus,https://www.inaturalist.org/observations/43014683,https://www.inaturalist.org/observations/43014683,https://github.com/globalbioticinteractions/inaturalist/archive/b19ef1c1934c31e033fe4f1a81259fc257e55013.zip,Observação de ocorrência
Aphis nerii,interactsWith,Camponotus pennsylvanicus,https://www.inaturalist.org/observations/227693011,https://www.inaturalist.org/observations/227693011,https://github.com/globalbioticinteractions/inaturalist/archive/b19ef1c1934c31e033fe4f1a81259fc257e55013.zip,Observação de ocorrência
Acanthocephala declivis,eatenBy,Camponotus pennsylvanicus,https://www.inaturalist.org/observations/227128112,https://www.inaturalist.org/observations/227128112,https://github.com/globalbioticinteractions/inaturalist/archive/b19ef1c1934c31e033fe4f1a81259fc257e55013.zip,Observação de ocorrência
Bombus,preyedUponBy,Camponotus pennsylvanicus,https://www.inaturalist.org/observations/224431618,https://www.inaturalist.org/observations/224431618,https://github.com/globalbioticinteractions/inaturalist/archive/b19ef1c1934c31e033fe4f1a81259fc257e55013.zip,Observação de ocorrência
Forficulidae,preyedUponBy,Camponotus pennsylvanicus,https://www.inaturalist.org/observations/221479428,https://www.inaturalist.org/observations/221479428,https://github.com/globalbioticinteractions/inaturalist/archive/b19ef1c1934c31e033fe4f1a81259fc257e55013.zip,Observação de ocorrência
Diptera,preyedUponBy,Camponotus pennsylvanicus,https://www.inaturalist.org/observations/218087554,https://www.inaturalist.org/observations/218087554,https://github.com/globalbioticinteractions/inaturalist/archive/b19ef1c1934c31e033fe4f1a81259fc257e55013.zip,Observação de ocorrência
Heteroptera,preyedUponBy,Camponotus pennsylvanicus,https://www.inaturalist.org/observations/120878494,https://www.inaturalist.org/observations/120878494,https://github.com/globalbioticinteractions/inaturalist/archive/b19ef1c1934c31e033fe4f1a81259fc257e55013.zip,Observação de ocorrência
Forficula auricularia,preyedUponBy,Camponotus pennsylvanicus,https://www.inaturalist.org/observations/304880569,https://www.inaturalist.org/observations/304880569,https://github.com/globalbioticinteractions/inaturalist/archive/b19ef1c1934c31e033fe4f1a81259fc257e55013.zip,Observação de ocorrência
Sphenophorus,preyedUponBy,Camponotus pennsylvanicus,https://www.inaturalist.org/observations/194253130,https://www.inaturalist.org/observations/194253130,https://github.com/globalbioticinteractions/inaturalist/archive/b19ef1c1934c31e033fe4f1a81259fc257e55013.zip,Observação de ocorrência
Dermaptera,preyedUponBy,Camponotus pennsylvanicus,https://www.inaturalist.org/observations/190866680,https://www.inaturalist.org/observations/190866680,https://github.com/globalbioticinteractions/inaturalist/archive/b19ef1c1934c31e033fe4f1a81259fc257e55013.zip,Observação de ocorrência
Danaus plexippus,eatenBy,Camponotus pennsylvanicus,https://www.inaturalist.org/observations/7324399,https://www.inaturalist.org/observations/7324399,https://github.com/globalbioticinteractions/inaturalist/archive/b19ef1c1934c31e033fe4f1a81259fc257e55013.zip,Observação de ocorrência
Scarabaeidae,preyedUponBy,Camponotus pennsylvanicus,https://www.inaturalist.org/observations/95660945,https://www.inaturalist.org/observations/95660945,https://github.com/globalbioticinteractions/inaturalist/archive/b19ef1c1934c31e033fe4f1a81259fc257e55013.zip,Observação de ocorrência
Orthoptera,eatenBy,Camponotus pennsylvanicus,https://www.inaturalist.org/observations/4193789,https://www.inaturalist.org/observations/4193789,https://github.com/globalbioticinteractions/inaturalist/archive/b19ef1c1934c31e033fe4f1a81259fc257e55013.zip,Observação de ocorrência
Lepidoptera,eatenBy,Camponotus pennsylvanicus,https://www.inaturalist.org/observations/272495996,https://www.inaturalist.org/observations/272495996,https://github.com/globalbioticinteractions/inaturalist/archive/b19ef1c1934c31e033fe4f1a81259fc257e55013.zip,Observação de ocorrência
Noctuoidea,preyedUponBy,Camponotus pennsylvanicus,https://www.inaturalist.org/observations/268973844,https://www.inaturalist.org/observations/268973844,https://github.com/globalbioticinteractions/inaturalist/archive/b19ef1c1934c31e033fe4f1a81259fc257e55013.zip,Observação de ocorrência
Musca domestica,eatenBy,Camponotus pennsylvanicus,https://www.inaturalist.org/observations/177437551,https://www.inaturalist.org/observations/177437551,https://github.com/globalbioticinteractions/inaturalist/archive/b19ef1c1934c31e033fe4f1a81259fc257e55013.zip,Observação de ocorrência
Camponotus pennsylvanicus,interactsWith,Camponotus pennsylvanicus,https://www.inaturalist.org/observations/88951349,https://www.inaturalist.org/observations/88951349,https://github.com/globalbioticinteractions/inaturalist/archive/b19ef1c1934c31e033fe4f1a81259fc257e55013.zip,Observação de ocorrência
Formicidae,interactsWith,Atta sexdens,A. Thessen. 2014. Species associations extracted from EOL text data objects via text mining. Accessed at <https://github.com/EOL/pseudonitzchia/archive/e5838965a186fba4b7215cd0d179c4526773bad5.zip> on 10 Apr 2026.,,https://github.com/EOL/pseudonitzchia/archive/e5838965a186fba4b7215cd0d179c4526773bad5.zip,Mineração de texto
Atta sexdens,interactsWith,Atta sexdens,A. Thessen. 2014. Species associations extracted from EOL text data objects via text mining. Accessed at <https://github.com/EOL/pseudonitzchia/archive/e5838965a186fba4b7215cd0d179c4526773bad5.zip> on 10 Apr 2026.,,https://github.com/EOL/pseudonitzchia/archive/e5838965a186fba4b7215cd0d179c4526773bad5.zip,Mineração de texto
Polyergus,interactsWith,Formica,UCSB-IZC00026316 https://ecdysis.org/collections/individual/index.php?occid=845573,https://ecdysis.org/collections/individual/index.php?occid=845573,https://github.com/globalbioticinteractions/ucsb-izc/archive/bf93d613007b96be7e3b0558c8a003092bd67bde.zip,Observação de ocorrência
Lycaeides melissa,interactsWith,Formica,A. Thessen. 2014. Species associations extracted from EOL text data objects via text mining. Accessed at <https://github.com/EOL/pseudonitzchia/archive/e5838965a186fba4b7215cd0d179c4526773bad5.zip> on 10 Apr 2026.,,https://github.com/EOL/pseudonitzchia/archive/e5838965a186fba4b7215cd0d179c4526773bad5.zip,Mineração de texto
Liphyra brassolis,interactsWith,Oecophylla smaragdina,http://mczbase.mcz.harvard.edu/guid/MCZ:Ent:213292,http://mczbase.mcz.harvard.edu/guid/MCZ:Ent:213292,https://github.com/globalbioticinteractions/mcz/archive/b33635a9fc75fd7931ad968cbc11180e6467bfd7.zip,Observação de ocorrência
Glyphinaphis bambusae,interactsWith,Oecophylla smaragdina,https://arctos.database.museum/guid/UTEP:Ento:26233,https://arctos.database.museum/guid/UTEP:Ento:26233,https://github.com/globalbioticinteractions/vertnet/archive/a2fbb10c1497ce4a2726e9cd238530c531abe82c.zip,Catálogo institucional
Canthidium laetum,interactsWith,Atta mexicana,A. Thessen. 2014. Species associations extracted from EOL text data objects via text mining. Accessed at <https://github.com/EOL/pseudonitzchia/archive/e5838965a186fba4b7215cd0d179c4526773bad5.zip> on 10 Apr 2026.,,https://github.com/EOL/pseudonitzchia/archive/e5838965a186fba4b7215cd0d179c4526773bad5.zip,Mineração de texto
Canthon indigaceus,interactsWith,Atta mexicana,A. Thessen. 2014. Species associations extracted from EOL text data objects via text mining. Accessed at <https://github.com/EOL/pseudonitzchia/archive/e5838965a186fba4b7215cd0d179c4526773bad5.zip> on 10 Apr 2026.,,https://github.com/EOL/pseudonitzchia/archive/e5838965a186fba4b7215cd0d179c4526773bad5.zip,Mineração de texto
Solenopsis xyloni,interactsWith,Solenopsis xyloni,https://arctos.database.museum/guid/UTEP:Ento:16156,https://arctos.database.museum/guid/UTEP:Ento:16156,https://github.com/globalbioticinteractions/vertnet/archive/a2fbb10c1497ce4a2726e9cd238530c531abe82c.zip,Catálogo institucional
Cochliomyia macellaria,eatenBy,Solenopsis xyloni,"M. McKinnerney. (1978). Carrion Communities in the Northern Chihuahuan Desert. The Southwestern Naturalist. 23(4), pp. 563-576; see also McKinnerney, M. (1977). Carrion communities in the northern Chihuahuan Desert. M.S. thesis. University of Texas-El Paso, Texas. ",,https://github.com/globalbioticinteractions/globalwebdb/archive/12f2c1ad026e634aea47dc40c0a5e9d463165058.zip,Mineração de texto
Wiedemannia (Wiedemannia),eatenBy,Solenopsis xyloni,"M. McKinnerney. (1978). Carrion Communities in the Northern Chihuahuan Desert. The Southwestern Naturalist. 23(4), pp. 563-576; see also McKinnerney, M. (1977). Carrion communities in the northern Chihuahuan Desert. M.S. thesis. University of Texas-El Paso, Texas. ",,https://github.com/globalbioticinteractions/globalwebdb/archive/12f2c1ad026e634aea47dc40c0a5e9d463165058.zip,Mineração de texto
Phaenicia sericata,eatenBy,Solenopsis xyloni,"M. McKinnerney. (1978). Carrion Communities in the Northern Chihuahuan Desert. The Southwestern Naturalist. 23(4), pp. 563-576; see also McKinnerney, M. (1977). Carrion communities in the northern Chihuahuan Desert. M.S. thesis. University of Texas-El Paso, Texas. ",,https://github.com/globalbioticinteractions/globalwebdb/archive/12f2c1ad026e634aea47dc40c0a5e9d463165058.zip,Mineração de texto
Myrsidea birmensis,eatenBy,Solenopsis xyloni,"M. McKinnerney. (1978). Carrion Communities in the Northern Chihuahuan Desert. The Southwestern Naturalist. 23(4), pp. 563-576; see also McKinnerney, M. (1977). Carrion communities in the northern Chihuahuan Desert. M.S. thesis. University of Texas-El Paso, Texas. ",,https://github.com/globalbioticinteractions/globalwebdb/archive/12f2c1ad026e634aea47dc40c0a5e9d463165058.zip,Mineração de texto
Sinea complexa,eats,Solenopsis xyloni,"M. McKinnerney. (1978). Carrion Communities in the Northern Chihuahuan Desert. The Southwestern Naturalist. 23(4), pp. 563-576; see also McKinnerney, M. (1977). Carrion communities in the northern Chihuahuan Desert. M.S. thesis. University of Texas-El Paso, Texas. ",,https://github.com/globalbioticinteractions/globalwebdb/archive/12f2c1ad026e634aea47dc40c0a5e9d463165058.zip,Mineração de texto
Wiedemannia (Wiedemannia),preyedUponBy,Solenopsis xyloni,"@article{McKinnerney_1978,	doi = {10.2307/3671178}, url = {https://doi.org/10.2307%2F3671178}, year = 1978, month = {dec}, publisher = {{JSTOR}}, volume = {23}, number = {4}, pages = {563}, author = {Marsha McKinnerney}, title = {Carrion Communities in the Northern Chihuahuan Desert}, journal = {The Southwestern Naturalist}}",https://www.jstor.org/stable/pdf/3671178.pdf?refreqid=excelsior%3A9615c0ca2bd96f73e7b3a6fa141aa19c,https://github.com/globalbioticinteractions/mangal/archive/496346227463f7003c1e4e6620693325b4cb294d.zip,Outro / não classificado
Sinea complexa,preysOn,Solenopsis xyloni,"@article{McKinnerney_1978,	doi = {10.2307/3671178}, url = {https://doi.org/10.2307%2F3671178}, year = 1978, month = {dec}, publisher = {{JSTOR}}, volume = {23}, number = {4}, pages = {563}, author = {Marsha McKinnerney}, title = {Carrion Communities in the Northern Chihuahuan Desert}, journal = {The Southwestern Naturalist}}",https://www.jstor.org/stable/pdf/3671178.pdf?refreqid=excelsior%3A9615c0ca2bd96f73e7b3a6fa141aa19c,https://github.com/globalbioticinteractions/mangal/archive/496346227463f7003c1e4e6620693325b4cb294d.zip,Outro / não classificado
Phaenicia sericata,preyedUponBy,Solenopsis xyloni,"@article{McKinnerney_1978,	doi = {10.2307/3671178}, url = {https://doi.org/10.2307%2F3671178}, year = 1978, month = {dec}, publisher = {{JSTOR}}, volume = {23}, number = {4}, pages = {563}, author = {Marsha McKinnerney}, title = {Carrion Communities in the Northern Chihuahuan Desert}, journal = {The Southwestern Naturalist}}",https://www.jstor.org/stable/pdf/3671178.pdf?refreqid=excelsior%3A9615c0ca2bd96f73e7b3a6fa141aa19c,https://github.com/globalbioticinteractions/mangal/archive/496346227463f7003c1e4e6620693325b4cb294d.zip,Outro / não classificado
Cochliomyia macellaria,preyedUponBy,Solenopsis xyloni,"@article{McKinnerney_1978,	doi = {10.2307/3671178}, url = {https://doi.org/10.2307%2F3671178}, year = 1978, month = {dec}, publisher = {{JSTOR}}, volume = {23}, number = {4}, pages = {563}, author = {Marsha McKinnerney}, title = {Carrion Communities in the Northern Chihuahuan Desert}, journal = {The Southwestern Naturalist}}",https://www.jstor.org/stable/pdf/3671178.pdf?refreqid=excelsior%3A9615c0ca2bd96f73e7b3a6fa141aa19c,https://github.com/globalbioticinteractions/mangal/archive/496346227463f7003c1e4e6620693325b4cb294d.zip,Outro / não classificado
Sarcophaga utilis,interactsWith,Solenopsis xyloni,A. Thessen. 2014. Species associations extracted from EOL text data objects via text mining. Accessed at <https://github.com/EOL/pseudonitzchia/archive/e5838965a186fba4b7215cd0d179c4526773bad5.zip> on 10 Apr 2026.,,https://github.com/EOL/pseudonitzchia/archive/e5838965a186fba4b7215cd0d179c4526773bad5.zip,Mineração de texto
Sinea complexa,interactsWith,Solenopsis xyloni,A. Thessen. 2014. Species associations extracted from EOL text data objects via text mining. Accessed at <https://github.com/EOL/pseudonitzchia/archive/e5838965a186fba4b7215cd0d179c4526773bad5.zip> on 10 Apr 2026.,,https://github.com/EOL/pseudonitzchia/archive/e5838965a186fba4b7215cd0d179c4526773bad5.zip,Mineração de texto
Oxysarcodexia ochripyga,interactsWith,Solenopsis xyloni,A. Thessen. 2014. Species associations extracted from EOL text data objects via text mining. Accessed at <https://github.com/EOL/pseudonitzchia/archive/e5838965a186fba4b7215cd0d179c4526773bad5.zip> on 10 Apr 2026.,,https://github.com/EOL/pseudonitzchia/archive/e5838965a186fba4b7215cd0d179c4526773bad5.zip,Mineração de texto
Lucilia sericata,interactsWith,Solenopsis xyloni,A. Thessen. 2014. Species associations extracted from EOL text data objects via text mining. Accessed at <https://github.com/EOL/pseudonitzchia/archive/e5838965a186fba4b7215cd0d179c4526773bad5.zip> on 10 Apr 2026.,,https://github.com/EOL/pseudonitzchia/archive/e5838965a186fba4b7215cd0d179c4526773bad5.zip,Mineração de texto
Cochliomyia macellaria,interactsWith,Solenopsis xyloni,A. Thessen. 2014. Species associations extracted from EOL text data objects via text mining. Accessed at <https://github.com/EOL/pseudonitzchia/archive/e5838965a186fba4b7215cd0d179c4526773bad5.zip> on 10 Apr 2026.,,https://github.com/EOL/pseudonitzchia/archive/e5838965a186fba4b7215cd0d179c4526773bad5.zip,Mineração de texto
Eciton burchellii,interactsWith,Dorylus,A. Thessen. 2014. Species associations extracted from EOL text data objects via text mining. Accessed at <https://github.com/EOL/pseudonitzchia/archive/e5838965a186fba4b7215cd0d179c4526773bad5.zip> on 10 Apr 2026.,,https://github.com/EOL/pseudonitzchia/archive/e5838965a186fba4b7215cd0d179c4526773bad5.zip,Mineração de texto
Solenopsis richteri,interactsWith,Solenopsis richteri,A. Thessen. 2014. Species associations extracted from EOL text data objects via text mining. Accessed at <https://github.com/EOL/pseudonitzchia/archive/e5838965a186fba4b7215cd0d179c4526773bad5.zip> on 10 Apr 2026.,,https://github.com/EOL/pseudonitzchia/archive/e5838965a186fba4b7215cd0d179c4526773bad5.zip,Mineração de texto
Eurysternus caribaeus,eatenBy,Solenopsis geminata,"B.W. Cornaby. (1974). Carrion Reduction by Animals in Contrasting Tropical Habitats. Biotropica. 6(1), pp. 51-63.",,https://github.com/globalbioticinteractions/globalwebdb/archive/12f2c1ad026e634aea47dc40c0a5e9d463165058.zip,Mineração de texto
Deltochilum lobipes,eatenBy,Solenopsis geminata,"B.W. Cornaby. (1974). Carrion Reduction by Animals in Contrasting Tropical Habitats. Biotropica. 6(1), pp. 51-63.",,https://github.com/globalbioticinteractions/globalwebdb/archive/12f2c1ad026e634aea47dc40c0a5e9d463165058.zip,Mineração de texto
Onthophagus praecellens,eatenBy,Solenopsis geminata,"B.W. Cornaby. (1974). Carrion Reduction by Animals in Contrasting Tropical Habitats. Biotropica. 6(1), pp. 51-63.",,https://github.com/globalbioticinteractions/globalwebdb/archive/12f2c1ad026e634aea47dc40c0a5e9d463165058.zip,Mineração de texto
Onthophagus praecellens,preyedUponBy,Solenopsis geminata,"@article{Cornaby_1974,	doi = {10.2307/2989697}, url = {https://doi.org/10.2307%2F2989697}, year = 1974, month = {apr}, publisher = {{JSTOR}}, volume = {6}, number = {1}, pages = {51}, author = {Barney W. Cornaby}, title = {Carrion Reduction by Animals in Contrasting Tropical Habitats}, journal = {Biotropica}}",https://www.jstor.org/stable/2989697?seq=1#metadata_info_tab_contents,https://github.com/globalbioticinteractions/mangal/archive/496346227463f7003c1e4e6620693325b4cb294d.zip,Outro / não classificado
Deltochilum lobipes,preyedUponBy,Solenopsis geminata,"@article{Cornaby_1974,	doi = {10.2307/2989697}, url = {https://doi.org/10.2307%2F2989697}, year = 1974, month = {apr}, publisher = {{JSTOR}}, volume = {6}, number = {1}, pages = {51}, author = {Barney W. Cornaby}, title = {Carrion Reduction by Animals in Contrasting Tropical Habitats}, journal = {Biotropica}}",https://www.jstor.org/stable/2989697?seq=1#metadata_info_tab_contents,https://github.com/globalbioticinteractions/mangal/archive/496346227463f7003c1e4e6620693325b4cb294d.zip,Outro / não classificado
Eurysternus caribaeus,preyedUponBy,Solenopsis geminata,"@article{Cornaby_1974,	doi = {10.2307/2989697}, url = {https://doi.org/10.2307%2F2989697}, year = 1974, month = {apr}, publisher = {{JSTOR}}, volume = {6}, number = {1}, pages = {51}, author = {Barney W. Cornaby}, title = {Carrion Reduction by Animals in Contrasting Tropical Habitats}, journal = {Biotropica}}",https://www.jstor.org/stable/2989697?seq=1#metadata_info_tab_contents,https://github.com/globalbioticinteractions/mangal/archive/496346227463f7003c1e4e6620693325b4cb294d.zip,Outro / não classificado
Cimex hemipterus,interactsWith,Solenopsis geminata,A. Thessen. 2014. Species associations extracted from EOL text data objects via text mining. Accessed at <https://github.com/EOL/pseudonitzchia/archive/e5838965a186fba4b7215cd0d179c4526773bad5.zip> on 10 Apr 2026.,,https://github.com/EOL/pseudonitzchia/archive/e5838965a186fba4b7215cd0d179c4526773bad5.zip,Mineração de texto
Eurysternus caribaeus,interactsWith,Solenopsis geminata,A. Thessen. 2014. Species associations extracted from EOL text data objects via text mining. Accessed at <https://github.com/EOL/pseudonitzchia/archive/e5838965a186fba4b7215cd0d179c4526773bad5.zip> on 10 Apr 2026.,,https://github.com/EOL/pseudonitzchia/archive/e5838965a186fba4b7215cd0d179c4526773bad5.zip,Mineração de texto
Deltochilum lobipes,interactsWith,Solenopsis geminata,A. Thessen. 2014. Species associations extracted from EOL text data objects via text mining. Accessed at <https://github.com/EOL/pseudonitzchia/archive/e5838965a186fba4b7215cd0d179c4526773bad5.zip> on 10 Apr 2026.,,https://github.com/EOL/pseudonitzchia/archive/e5838965a186fba4b7215cd0d179c4526773bad5.zip,Mineração de texto
Onthophagus praecellens,interactsWith,Solenopsis geminata,A. Thessen. 2014. Species associations extracted from EOL text data objects via text mining. Accessed at <https://github.com/EOL/pseudonitzchia/archive/e5838965a186fba4b7215cd0d179c4526773bad5.zip> on 10 Apr 2026.,,https://github.com/EOL/pseudonitzchia/archive/e5838965a186fba4b7215cd0d179c4526773bad5.zip,Mineração de texto
Crematogaster,interactsWith,Crematogaster crinosa,https://arctos.database.museum/guid/UTEP:Ento:1451,https://arctos.database.museum/guid/UTEP:Ento:1451,https://github.com/globalbioticinteractions/vertnet/archive/a2fbb10c1497ce4a2726e9cd238530c531abe82c.zip,Catálogo institucional
Aphaenogaster fulva,interactsWith,Brachymyrmex,https://arctos.database.museum/guid/UTEP:Ento:1913,https://arctos.database.museum/guid/UTEP:Ento:1913,https://github.com/globalbioticinteractions/vertnet/archive/a2fbb10c1497ce4a2726e9cd238530c531abe82c.zip,Catálogo institucional
Casinaria grandis,parasitoidOf,Brachymyrmex,"Piechnik et al. (2008), Simberloff and Wilson (1969)",,https://github.com/globalbioticinteractions/brose-gateway/archive/c89ac44d03decc76d59908d74e2a5ff6d3cd618d.zip,Mineração de texto
Calliephialtes ferrugineus,parasitoidOf,Brachymyrmex,"Piechnik et al. (2008), Simberloff and Wilson (1969)",,https://github.com/globalbioticinteractions/brose-gateway/archive/c89ac44d03decc76d59908d74e2a5ff6d3cd618d.zip,Mineração de texto
Ceroplastes,preyedUponBy,Brachymyrmex,"Piechnik et al. (2008), Simberloff and Wilson (1969)",,https://github.com/globalbioticinteractions/brose-gateway/archive/c89ac44d03decc76d59908d74e2a5ff6d3cd618d.zip,Mineração de texto
Melittobia chalybii,parasitoidOf,Brachymyrmex,"Piechnik et al. (2008), Simberloff and Wilson (1969)",,https://github.com/globalbioticinteractions/brose-gateway/archive/c89ac44d03decc76d59908d74e2a5ff6d3cd618d.zip,Mineração de texto
Ramedia pauperata,symbiontOf,Camponotus blandus,"Cavalleri, A., Kaminski, L.A. &amp; Mendonça, M.de S., Jr. (2010) Ectoparasitism in <i>Aulacothrips</i> (Thysanoptera: Heterothripidae) revisited: Host diversity on honeydew-producing Hemiptera and description of a new species. <i>Zoologischer Anzeiger</i>, 249(3-4), 209–221. https://doi.org/10.1016/j.jcz.2010.09.002",https://doi.org/10.1016/j.jcz.2010.09.002,https://api.checklistbank.org/dataset/2317/archive.zip,Científica (artigo com DOI)
Guayaquila xiphias,symbiontOf,Camponotus blandus,"Cavalleri, A., Kaminski, L.A. &amp; Mendonça, M.de S., Jr. (2010) Ectoparasitism in <i>Aulacothrips</i> (Thysanoptera: Heterothripidae) revisited: Host diversity on honeydew-producing Hemiptera and description of a new species. <i>Zoologischer Anzeiger</i>, 249(3-4), 209–221. https://doi.org/10.1016/j.jcz.2010.09.002",https://doi.org/10.1016/j.jcz.2010.09.002,https://api.checklistbank.org/dataset/2317/archive.zip,Científica (artigo com DOI)
Enchenopa gracilis,symbiontOf,Camponotus blandus,"Cavalleri, A., Kaminski, L.A. &amp; Mendonça, M.de S., Jr. (2010) Ectoparasitism in <i>Aulacothrips</i> (Thysanoptera: Heterothripidae) revisited: Host diversity on honeydew-producing Hemiptera and description of a new species. <i>Zoologischer Anzeiger</i>, 249(3-4), 209–221. https://doi.org/10.1016/j.jcz.2010.09.002",https://doi.org/10.1016/j.jcz.2010.09.002,https://api.checklistbank.org/dataset/2317/archive.zip,Científica (artigo com DOI)
Homoptera,interactsWith,Ectatomma tuberculatum,https://arctos.database.museum/guid/UTEP:Ento:3141,https://arctos.database.museum/guid/UTEP:Ento:3141,https://github.com/globalbioticinteractions/vertnet/archive/a2fbb10c1497ce4a2726e9cd238530c531abe82c.zip,Catálogo institucional
Thisbe irenea,interactsWith,Ectatomma tuberculatum,A. Thessen. 2014. Species associations extracted from EOL text data objects via text mining. Accessed at <https://github.com/EOL/pseudonitzchia/archive/e5838965a186fba4b7215cd0d179c4526773bad5.zip> on 10 Apr 2026.,,https://github.com/EOL/pseudonitzchia/archive/e5838965a186fba4b7215cd0d179c4526773bad5.zip,Mineração de texto
Guayaquila gracilicornis,interactsWith,Ectatomma tuberculatum,A. Thessen. 2014. Species associations extracted from EOL text data objects via text mining. Accessed at <https://github.com/EOL/pseudonitzchia/archive/e5838965a186fba4b7215cd0d179c4526773bad5.zip> on 10 Apr 2026.,,https://github.com/EOL/pseudonitzchia/archive/e5838965a186fba4b7215cd0d179c4526773bad5.zip,Mineração de texto
Apocephalus paraponerae,hasHost,Ectatomma tuberculatum,http://www.ncbi.nlm.nih.gov/nuccore/7263060,http://www.ncbi.nlm.nih.gov/nuccore/7263060,https://zenodo.org/records/258189/files/millerse/Wardeh-et-al.-2015-v1.0.zip,Outro / não classificado
Acanthaclisis occitanica,preysOn,Solenopsis fugax,"Engel, M. S., & Grimaldi, D. A. (2007). The Neuropterid Fauna of Dominican and Mexican Amber (Neuropterida: Megaloptera, Neuroptera). American Museum Novitates, 2007(3587), 1–58. https://doi.org/10.1206/0003-0082(2007)3587[1:TNFODA]2.0.CO;2",https://doi.org/10.1206/0003-0082(2007)3587%5B1:TNFODA%5D2.0.CO;2,https://github.com/globalbioticinteractions/trophiCH/archive/9dcb8b2670c4675817c605f5add33cd183d3fb0e.zip,Científica (artigo com DOI)
Euroleon nostras,preysOn,Solenopsis fugax,"Engel, M. S., & Grimaldi, D. A. (2007). The Neuropterid Fauna of Dominican and Mexican Amber (Neuropterida: Megaloptera, Neuroptera). American Museum Novitates, 2007(3587), 1–58. https://doi.org/10.1206/0003-0082(2007)3587[1:TNFODA]2.0.CO;2",https://doi.org/10.1206/0003-0082(2007)3587%5B1:TNFODA%5D2.0.CO;2,https://github.com/globalbioticinteractions/trophiCH/archive/9dcb8b2670c4675817c605f5add33cd183d3fb0e.zip,Científica (artigo com DOI)
Gymnocnemia variegata,preysOn,Solenopsis fugax,"Engel, M. S., & Grimaldi, D. A. (2007). The Neuropterid Fauna of Dominican and Mexican Amber (Neuropterida: Megaloptera, Neuroptera). American Museum Novitates, 2007(3587), 1–58. https://doi.org/10.1206/0003-0082(2007)3587[1:TNFODA]2.0.CO;2",https://doi.org/10.1206/0003-0082(2007)3587%5B1:TNFODA%5D2.0.CO;2,https://github.com/globalbioticinteractions/trophiCH/archive/9dcb8b2670c4675817c605f5add33cd183d3fb0e.zip,Científica (artigo com DOI)
Myrmeleon formicarius,preysOn,Solenopsis fugax,"Engel, M. S., & Grimaldi, D. A. (2007). The Neuropterid Fauna of Dominican and Mexican Amber (Neuropterida: Megaloptera, Neuroptera). American Museum Novitates, 2007(3587), 1–58. https://doi.org/10.1206/0003-0082(2007)3587[1:TNFODA]2.0.CO;2",https://doi.org/10.1206/0003-0082(2007)3587%5B1:TNFODA%5D2.0.CO;2,https://github.com/globalbioticinteractions/trophiCH/archive/9dcb8b2670c4675817c605f5add33cd183d3fb0e.zip,Científica (artigo com DOI)
Myrmeleon hyalinus,preysOn,Solenopsis fugax,"Engel, M. S., & Grimaldi, D. A. (2007). The Neuropterid Fauna of Dominican and Mexican Amber (Neuropterida: Megaloptera, Neuroptera). American Museum Novitates, 2007(3587), 1–58. https://doi.org/10.1206/0003-0082(2007)3587[1:TNFODA]2.0.CO;2",https://doi.org/10.1206/0003-0082(2007)3587%5B1:TNFODA%5D2.0.CO;2,https://github.com/globalbioticinteractions/trophiCH/archive/9dcb8b2670c4675817c605f5add33cd183d3fb0e.zip,Científica (artigo com DOI)
Atelura formicaria,parasiteOf,Solenopsis fugax,"Molero-Baltanás, R., Bach, C., Tinaut, A., Diz-Perez, J., & Gaju-Ricart, M. (2017). Symbiotic relationships between silverfish (Zygentoma: Lepismatidae, Nicoletiidae) and ants (Hymenoptera: Formicidae) in the Western Palaearctic. A quantitative analysis of data from Spain. Myrmecological News, 24, 107–122.",,https://github.com/globalbioticinteractions/trophiCH/archive/9dcb8b2670c4675817c605f5add33cd183d3fb0e.zip,Mineração de texto
Formica uralensis,preyedUponBy,Solenopsis fugax,"Poelen, J. H. Global Biotic Interactions: Interpreted Data Products. Zenodo https://doi.org/10.5281/zenodo.5708970 (2021).",https://doi.org/10.5281/zenodo.5708970,https://github.com/globalbioticinteractions/trophiCH/archive/9dcb8b2670c4675817c605f5add33cd183d3fb0e.zip,Repositório de dados
Formica sanguinea,preyedUponBy,Solenopsis fugax,"Poelen, J. H. Global Biotic Interactions: Interpreted Data Products. Zenodo https://doi.org/10.5281/zenodo.5708970 (2021).",https://doi.org/10.5281/zenodo.5708970,https://github.com/globalbioticinteractions/trophiCH/archive/9dcb8b2670c4675817c605f5add33cd183d3fb0e.zip,Repositório de dados
Formica truncorum,preyedUponBy,Solenopsis fugax,"Poelen, J. H. Global Biotic Interactions: Interpreted Data Products. Zenodo https://doi.org/10.5281/zenodo.5708970 (2021).",https://doi.org/10.5281/zenodo.5708970,https://github.com/globalbioticinteractions/trophiCH/archive/9dcb8b2670c4675817c605f5add33cd183d3fb0e.zip,Repositório de dados
Formica rufa,preyedUponBy,Solenopsis fugax,"Poelen, J. H. Global Biotic Interactions: Interpreted Data Products. Zenodo https://doi.org/10.5281/zenodo.5708970 (2021).",https://doi.org/10.5281/zenodo.5708970,https://github.com/globalbioticinteractions/trophiCH/archive/9dcb8b2670c4675817c605f5add33cd183d3fb0e.zip,Repositório de dados
Formica foreli,preyedUponBy,Solenopsis fugax,"Poelen, J. H. Global Biotic Interactions: Interpreted Data Products. Zenodo https://doi.org/10.5281/zenodo.5708970 (2021).",https://doi.org/10.5281/zenodo.5708970,https://github.com/globalbioticinteractions/trophiCH/archive/9dcb8b2670c4675817c605f5add33cd183d3fb0e.zip,Repositório de dados
Formica fuscocinerea,preyedUponBy,Solenopsis fugax,"Poelen, J. H. Global Biotic Interactions: Interpreted Data Products. Zenodo https://doi.org/10.5281/zenodo.5708970 (2021).",https://doi.org/10.5281/zenodo.5708970,https://github.com/globalbioticinteractions/trophiCH/archive/9dcb8b2670c4675817c605f5add33cd183d3fb0e.zip,Repositório de dados
Formica lugubris,preyedUponBy,Solenopsis fugax,"Poelen, J. H. Global Biotic Interactions: Interpreted Data Products. Zenodo https://doi.org/10.5281/zenodo.5708970 (2021).",https://doi.org/10.5281/zenodo.5708970,https://github.com/globalbioticinteractions/trophiCH/archive/9dcb8b2670c4675817c605f5add33cd183d3fb0e.zip,Repositório de dados
Formica exsecta,preyedUponBy,Solenopsis fugax,"Poelen, J. H. Global Biotic Interactions: Interpreted Data Products. Zenodo https://doi.org/10.5281/zenodo.5708970 (2021).",https://doi.org/10.5281/zenodo.5708970,https://github.com/globalbioticinteractions/trophiCH/archive/9dcb8b2670c4675817c605f5add33cd183d3fb0e.zip,Repositório de dados
Formica picea,preyedUponBy,Solenopsis fugax,"Poelen, J. H. Global Biotic Interactions: Interpreted Data Products. Zenodo https://doi.org/10.5281/zenodo.5708970 (2021).",https://doi.org/10.5281/zenodo.5708970,https://github.com/globalbioticinteractions/trophiCH/archive/9dcb8b2670c4675817c605f5add33cd183d3fb0e.zip,Repositório de dados
Formica paralugubris,preyedUponBy,Solenopsis fugax,"Poelen, J. H. Global Biotic Interactions: Interpreted Data Products. Zenodo https://doi.org/10.5281/zenodo.5708970 (2021).",https://doi.org/10.5281/zenodo.5708970,https://github.com/globalbioticinteractions/trophiCH/archive/9dcb8b2670c4675817c605f5add33cd183d3fb0e.zip,Repositório de dados
Formica lemani,preyedUponBy,Solenopsis fugax,"Poelen, J. H. Global Biotic Interactions: Interpreted Data Products. Zenodo https://doi.org/10.5281/zenodo.5708970 (2021).",https://doi.org/10.5281/zenodo.5708970,https://github.com/globalbioticinteractions/trophiCH/archive/9dcb8b2670c4675817c605f5add33cd183d3fb0e.zip,Repositório de dados
Formica selysi,preyedUponBy,Solenopsis fugax,"Poelen, J. H. Global Biotic Interactions: Interpreted Data Products. Zenodo https://doi.org/10.5281/zenodo.5708970 (2021).",https://doi.org/10.5281/zenodo.5708970,https://github.com/globalbioticinteractions/trophiCH/archive/9dcb8b2670c4675817c605f5add33cd183d3fb0e.zip,Repositório de dados
Formica bruni,preyedUponBy,Solenopsis fugax,"Poelen, J. H. Global Biotic Interactions: Interpreted Data Products. Zenodo https://doi.org/10.5281/zenodo.5708970 (2021).",https://doi.org/10.5281/zenodo.5708970,https://github.com/globalbioticinteractions/trophiCH/archive/9dcb8b2670c4675817c605f5add33cd183d3fb0e.zip,Repositório de dados
Formica polyctena,preyedUponBy,Solenopsis fugax,"Poelen, J. H. Global Biotic Interactions: Interpreted Data Products. Zenodo https://doi.org/10.5281/zenodo.5708970 (2021).",https://doi.org/10.5281/zenodo.5708970,https://github.com/globalbioticinteractions/trophiCH/archive/9dcb8b2670c4675817c605f5add33cd183d3fb0e.zip,Repositório de dados
Formica clara,preyedUponBy,Solenopsis fugax,"Poelen, J. H. Global Biotic Interactions: Interpreted Data Products. Zenodo https://doi.org/10.5281/zenodo.5708970 (2021).",https://doi.org/10.5281/zenodo.5708970,https://github.com/globalbioticinteractions/trophiCH/archive/9dcb8b2670c4675817c605f5add33cd183d3fb0e.zip,Repositório de dados
Formica pressilabris,preyedUponBy,Solenopsis fugax,"Poelen, J. H. Global Biotic Interactions: Interpreted Data Products. Zenodo https://doi.org/10.5281/zenodo.5708970 (2021).",https://doi.org/10.5281/zenodo.5708970,https://github.com/globalbioticinteractions/trophiCH/archive/9dcb8b2670c4675817c605f5add33cd183d3fb0e.zip,Repositório de dados
Formica cunicularia,preyedUponBy,Solenopsis fugax,"Poelen, J. H. Global Biotic Interactions: Interpreted Data Products. Zenodo https://doi.org/10.5281/zenodo.5708970 (2021).",https://doi.org/10.5281/zenodo.5708970,https://github.com/globalbioticinteractions/trophiCH/archive/9dcb8b2670c4675817c605f5add33cd183d3fb0e.zip,Repositório de dados
Formica gagates,preyedUponBy,Solenopsis fugax,"Poelen, J. H. Global Biotic Interactions: Interpreted Data Products. Zenodo https://doi.org/10.5281/zenodo.5708970 (2021).",https://doi.org/10.5281/zenodo.5708970,https://github.com/globalbioticinteractions/trophiCH/archive/9dcb8b2670c4675817c605f5add33cd183d3fb0e.zip,Repositório de dados
Formica aquilonia,preyedUponBy,Solenopsis fugax,"Poelen, J. H. Global Biotic Interactions: Interpreted Data Products. Zenodo https://doi.org/10.5281/zenodo.5708970 (2021).",https://doi.org/10.5281/zenodo.5708970,https://github.com/globalbioticinteractions/trophiCH/archive/9dcb8b2670c4675817c605f5add33cd183d3fb0e.zip,Repositório de dados
Formica fusca,preyedUponBy,Solenopsis fugax,"Poelen, J. H. Global Biotic Interactions: Interpreted Data Products. Zenodo https://doi.org/10.5281/zenodo.5708970 (2021).",https://doi.org/10.5281/zenodo.5708970,https://github.com/globalbioticinteractions/trophiCH/archive/9dcb8b2670c4675817c605f5add33cd183d3fb0e.zip,Repositório de dados
Formica pratensis,preyedUponBy,Solenopsis fugax,"Poelen, J. H. Global Biotic Interactions: Interpreted Data Products. Zenodo https://doi.org/10.5281/zenodo.5708970 (2021).",https://doi.org/10.5281/zenodo.5708970,https://github.com/globalbioticinteractions/trophiCH/archive/9dcb8b2670c4675817c605f5add33cd183d3fb0e.zip,Repositório de dados
Formica forsslundi,preyedUponBy,Solenopsis fugax,"Poelen, J. H. Global Biotic Interactions: Interpreted Data Products. Zenodo https://doi.org/10.5281/zenodo.5708970 (2021).",https://doi.org/10.5281/zenodo.5708970,https://github.com/globalbioticinteractions/trophiCH/archive/9dcb8b2670c4675817c605f5add33cd183d3fb0e.zip,Repositório de dados
Formica lusatica,preyedUponBy,Solenopsis fugax,"Poelen, J. H. Global Biotic Interactions: Interpreted Data Products. Zenodo https://doi.org/10.5281/zenodo.5708970 (2021).",https://doi.org/10.5281/zenodo.5708970,https://github.com/globalbioticinteractions/trophiCH/archive/9dcb8b2670c4675817c605f5add33cd183d3fb0e.zip,Repositório de dados
Formica rufibarbis,preyedUponBy,Solenopsis fugax,"Poelen, J. H. Global Biotic Interactions: Interpreted Data Products. Zenodo https://doi.org/10.5281/zenodo.5708970 (2021).",https://doi.org/10.5281/zenodo.5708970,https://github.com/globalbioticinteractions/trophiCH/archive/9dcb8b2670c4675817c605f5add33cd183d3fb0e.zip,Repositório de dados
Formica cinerea,preyedUponBy,Solenopsis fugax,"Poelen, J. H. Global Biotic Interactions: Interpreted Data Products. Zenodo https://doi.org/10.5281/zenodo.5708970 (2021).",https://doi.org/10.5281/zenodo.5708970,https://github.com/globalbioticinteractions/trophiCH/archive/9dcb8b2670c4675817c605f5add33cd183d3fb0e.zip,Repositório de dados
Lasius citrinus,preyedUponBy,Solenopsis fugax,"Poelen, J. H. Global Biotic Interactions: Interpreted Data Products. Zenodo https://doi.org/10.5281/zenodo.5708970 (2021).",https://doi.org/10.5281/zenodo.5708970,https://github.com/globalbioticinteractions/trophiCH/archive/9dcb8b2670c4675817c605f5add33cd183d3fb0e.zip,Repositório de dados
Lasius emarginatus,preyedUponBy,Solenopsis fugax,"Poelen, J. H. Global Biotic Interactions: Interpreted Data Products. Zenodo https://doi.org/10.5281/zenodo.5708970 (2021).",https://doi.org/10.5281/zenodo.5708970,https://github.com/globalbioticinteractions/trophiCH/archive/9dcb8b2670c4675817c605f5add33cd183d3fb0e.zip,Repositório de dados
Lasius paralienus,preyedUponBy,Solenopsis fugax,"Poelen, J. H. Global Biotic Interactions: Interpreted Data Products. Zenodo https://doi.org/10.5281/zenodo.5708970 (2021).",https://doi.org/10.5281/zenodo.5708970,https://github.com/globalbioticinteractions/trophiCH/archive/9dcb8b2670c4675817c605f5add33cd183d3fb0e.zip,Repositório de dados
Lasius jensi,preyedUponBy,Solenopsis fugax,"Poelen, J. H. Global Biotic Interactions: Interpreted Data Products. Zenodo https://doi.org/10.5281/zenodo.5708970 (2021).",https://doi.org/10.5281/zenodo.5708970,https://github.com/globalbioticinteractions/trophiCH/archive/9dcb8b2670c4675817c605f5add33cd183d3fb0e.zip,Repositório de dados
Lasius distinguendus,preyedUponBy,Solenopsis fugax,"Poelen, J. H. Global Biotic Interactions: Interpreted Data Products. Zenodo https://doi.org/10.5281/zenodo.5708970 (2021).",https://doi.org/10.5281/zenodo.5708970,https://github.com/globalbioticinteractions/trophiCH/archive/9dcb8b2670c4675817c605f5add33cd183d3fb0e.zip,Repositório de dados
Lasius alienus,preyedUponBy,Solenopsis fugax,"Poelen, J. H. Global Biotic Interactions: Interpreted Data Products. Zenodo https://doi.org/10.5281/zenodo.5708970 (2021).",https://doi.org/10.5281/zenodo.5708970,https://github.com/globalbioticinteractions/trophiCH/archive/9dcb8b2670c4675817c605f5add33cd183d3fb0e.zip,Repositório de dados
Lasius platythorax,preyedUponBy,Solenopsis fugax,"Poelen, J. H. Global Biotic Interactions: Interpreted Data Products. Zenodo https://doi.org/10.5281/zenodo.5708970 (2021).",https://doi.org/10.5281/zenodo.5708970,https://github.com/globalbioticinteractions/trophiCH/archive/9dcb8b2670c4675817c605f5add33cd183d3fb0e.zip,Repositório de dados
Lasius myops,preyedUponBy,Solenopsis fugax,"Poelen, J. H. Global Biotic Interactions: Interpreted Data Products. Zenodo https://doi.org/10.5281/zenodo.5708970 (2021).",https://doi.org/10.5281/zenodo.5708970,https://github.com/globalbioticinteractions/trophiCH/archive/9dcb8b2670c4675817c605f5add33cd183d3fb0e.zip,Repositório de dados
Lasius psammophilus,preyedUponBy,Solenopsis fugax,"Poelen, J. H. Global Biotic Interactions: Interpreted Data Products. Zenodo https://doi.org/10.5281/zenodo.5708970 (2021).",https://doi.org/10.5281/zenodo.5708970,https://github.com/globalbioticinteractions/trophiCH/archive/9dcb8b2670c4675817c605f5add33cd183d3fb0e.zip,Repositório de dados
Lasius carniolicus,preyedUponBy,Solenopsis fugax,"Poelen, J. H. Global Biotic Interactions: Interpreted Data Products. Zenodo https://doi.org/10.5281/zenodo.5708970 (2021).",https://doi.org/10.5281/zenodo.5708970,https://github.com/globalbioticinteractions/trophiCH/archive/9dcb8b2670c4675817c605f5add33cd183d3fb0e.zip,Repositório de dados
Lasius fuliginosus,preyedUponBy,Solenopsis fugax,"Poelen, J. H. Global Biotic Interactions: Interpreted Data Products. Zenodo https://doi.org/10.5281/zenodo.5708970 (2021).",https://doi.org/10.5281/zenodo.5708970,https://github.com/globalbioticinteractions/trophiCH/archive/9dcb8b2670c4675817c605f5add33cd183d3fb0e.zip,Repositório de dados
Lasius meridionalis,preyedUponBy,Solenopsis fugax,"Poelen, J. H. Global Biotic Interactions: Interpreted Data Products. Zenodo https://doi.org/10.5281/zenodo.5708970 (2021).",https://doi.org/10.5281/zenodo.5708970,https://github.com/globalbioticinteractions/trophiCH/archive/9dcb8b2670c4675817c605f5add33cd183d3fb0e.zip,Repositório de dados
Lasius mixtus,preyedUponBy,Solenopsis fugax,"Poelen, J. H. Global Biotic Interactions: Interpreted Data Products. Zenodo https://doi.org/10.5281/zenodo.5708970 (2021).",https://doi.org/10.5281/zenodo.5708970,https://github.com/globalbioticinteractions/trophiCH/archive/9dcb8b2670c4675817c605f5add33cd183d3fb0e.zip,Repositório de dados
Lasius brunneus,preyedUponBy,Solenopsis fugax,"Poelen, J. H. Global Biotic Interactions: Interpreted Data Products. Zenodo https://doi.org/10.5281/zenodo.5708970 (2021).",https://doi.org/10.5281/zenodo.5708970,https://github.com/globalbioticinteractions/trophiCH/archive/9dcb8b2670c4675817c605f5add33cd183d3fb0e.zip,Repositório de dados
Lasius niger,preyedUponBy,Solenopsis fugax,"Poelen, J. H. Global Biotic Interactions: Interpreted Data Products. Zenodo https://doi.org/10.5281/zenodo.5708970 (2021).",https://doi.org/10.5281/zenodo.5708970,https://github.com/globalbioticinteractions/trophiCH/archive/9dcb8b2670c4675817c605f5add33cd183d3fb0e.zip,Repositório de dados
Lasius sabularum,preyedUponBy,Solenopsis fugax,"Poelen, J. H. Global Biotic Interactions: Interpreted Data Products. Zenodo https://doi.org/10.5281/zenodo.5708970 (2021).",https://doi.org/10.5281/zenodo.5708970,https://github.com/globalbioticinteractions/trophiCH/archive/9dcb8b2670c4675817c605f5add33cd183d3fb0e.zip,Repositório de dados
Lasius flavus,preyedUponBy,Solenopsis fugax,"Poelen, J. H. Global Biotic Interactions: Interpreted Data Products. Zenodo https://doi.org/10.5281/zenodo.5708970 (2021).",https://doi.org/10.5281/zenodo.5708970,https://github.com/globalbioticinteractions/trophiCH/archive/9dcb8b2670c4675817c605f5add33cd183d3fb0e.zip,Repositório de dados
Lasius umbratus,preyedUponBy,Solenopsis fugax,"Poelen, J. H. Global Biotic Interactions: Interpreted Data Products. Zenodo https://doi.org/10.5281/zenodo.5708970 (2021).",https://doi.org/10.5281/zenodo.5708970,https://github.com/globalbioticinteractions/trophiCH/archive/9dcb8b2670c4675817c605f5add33cd183d3fb0e.zip,Repositório de dados
Lasius neglectus,preyedUponBy,Solenopsis fugax,"Poelen, J. H. Global Biotic Interactions: Interpreted Data Products. Zenodo https://doi.org/10.5281/zenodo.5708970 (2021).",https://doi.org/10.5281/zenodo.5708970,https://github.com/globalbioticinteractions/trophiCH/archive/9dcb8b2670c4675817c605f5add33cd183d3fb0e.zip,Repositório de dados
Lasius bicornis,preyedUponBy,Solenopsis fugax,"Poelen, J. H. Global Biotic Interactions: Interpreted Data Products. Zenodo https://doi.org/10.5281/zenodo.5708970 (2021).",https://doi.org/10.5281/zenodo.5708970,https://github.com/globalbioticinteractions/trophiCH/archive/9dcb8b2670c4675817c605f5add33cd183d3fb0e.zip,Repositório de dados
Solenopsis fugax,interactsWith,Solenopsis fugax,A. Thessen. 2014. Species associations extracted from EOL text data objects via text mining. Accessed at <https://github.com/EOL/pseudonitzchia/archive/e5838965a186fba4b7215cd0d179c4526773bad5.zip> on 10 Apr 2026.,,https://github.com/EOL/pseudonitzchia/archive/e5838965a186fba4b7215cd0d179c4526773bad5.zip,Mineração de texto
Formica,preyedUponBy,Solenopsis fugax,"Poelen, J. H. Global Biotic Interactions: Interpreted Data Products. Zenodo https://doi.org/10.5281/zenodo.5708970 (2021).",https://doi.org/10.5281/zenodo.5708970,https://github.com/globalbioticinteractions/trophiCH/archive/9dcb8b2670c4675817c605f5add33cd183d3fb0e.zip,Repositório de dados
Lasius,preyedUponBy,Solenopsis fugax,"Poelen, J. H. Global Biotic Interactions: Interpreted Data Products. Zenodo https://doi.org/10.5281/zenodo.5708970 (2021).",https://doi.org/10.5281/zenodo.5708970,https://github.com/globalbioticinteractions/trophiCH/archive/9dcb8b2670c4675817c605f5add33cd183d3fb0e.zip,Repositório de dados
Gymnocnemia variegata,preysOn,Plagiolepis pygmaea,"Engel, M. S., & Grimaldi, D. A. (2007). The Neuropterid Fauna of Dominican and Mexican Amber (Neuropterida: Megaloptera, Neuroptera). American Museum Novitates, 2007(3587), 1–58. https://doi.org/10.1206/0003-0082(2007)3587[1:TNFODA]2.0.CO;2",https://doi.org/10.1206/0003-0082(2007)3587%5B1:TNFODA%5D2.0.CO;2,https://github.com/globalbioticinteractions/trophiCH/archive/9dcb8b2670c4675817c605f5add33cd183d3fb0e.zip,Científica (artigo com DOI)
Myrmeleon hyalinus,preysOn,Plagiolepis pygmaea,"Engel, M. S., & Grimaldi, D. A. (2007). The Neuropterid Fauna of Dominican and Mexican Amber (Neuropterida: Megaloptera, Neuroptera). American Museum Novitates, 2007(3587), 1–58. https://doi.org/10.1206/0003-0082(2007)3587[1:TNFODA]2.0.CO;2",https://doi.org/10.1206/0003-0082(2007)3587%5B1:TNFODA%5D2.0.CO;2,https://github.com/globalbioticinteractions/trophiCH/archive/9dcb8b2670c4675817c605f5add33cd183d3fb0e.zip,Científica (artigo com DOI)
Acanthaclisis occitanica,preysOn,Plagiolepis pygmaea,"Engel, M. S., & Grimaldi, D. A. (2007). The Neuropterid Fauna of Dominican and Mexican Amber (Neuropterida: Megaloptera, Neuroptera). American Museum Novitates, 2007(3587), 1–58. https://doi.org/10.1206/0003-0082(2007)3587[1:TNFODA]2.0.CO;2",https://doi.org/10.1206/0003-0082(2007)3587%5B1:TNFODA%5D2.0.CO;2,https://github.com/globalbioticinteractions/trophiCH/archive/9dcb8b2670c4675817c605f5add33cd183d3fb0e.zip,Científica (artigo com DOI)
Euroleon nostras,preysOn,Plagiolepis pygmaea,"Engel, M. S., & Grimaldi, D. A. (2007). The Neuropterid Fauna of Dominican and Mexican Amber (Neuropterida: Megaloptera, Neuroptera). American Museum Novitates, 2007(3587), 1–58. https://doi.org/10.1206/0003-0082(2007)3587[1:TNFODA]2.0.CO;2",https://doi.org/10.1206/0003-0082(2007)3587%5B1:TNFODA%5D2.0.CO;2,https://github.com/globalbioticinteractions/trophiCH/archive/9dcb8b2670c4675817c605f5add33cd183d3fb0e.zip,Científica (artigo com DOI)
Myrmeleon formicarius,preysOn,Plagiolepis pygmaea,"Engel, M. S., & Grimaldi, D. A. (2007). The Neuropterid Fauna of Dominican and Mexican Amber (Neuropterida: Megaloptera, Neuroptera). American Museum Novitates, 2007(3587), 1–58. https://doi.org/10.1206/0003-0082(2007)3587[1:TNFODA]2.0.CO;2",https://doi.org/10.1206/0003-0082(2007)3587%5B1:TNFODA%5D2.0.CO;2,https://github.com/globalbioticinteractions/trophiCH/archive/9dcb8b2670c4675817c605f5add33cd183d3fb0e.zip,Científica (artigo com DOI)
Atelura formicaria,parasiteOf,Plagiolepis pygmaea,"Molero-Baltanás, R., Bach, C., Tinaut, A., Diz-Perez, J., & Gaju-Ricart, M. (2017). Symbiotic relationships between silverfish (Zygentoma: Lepismatidae, Nicoletiidae) and ants (Hymenoptera: Formicidae) in the Western Palaearctic. A quantitative analysis of data from Spain. Myrmecological News, 24, 107–122.",,https://github.com/globalbioticinteractions/trophiCH/archive/9dcb8b2670c4675817c605f5add33cd183d3fb0e.zip,Mineração de texto
Myrmeleon hyalinus,preysOn,Plagiolepis vindobonensis,"Engel, M. S., & Grimaldi, D. A. (2007). The Neuropterid Fauna of Dominican and Mexican Amber (Neuropterida: Megaloptera, Neuroptera). American Museum Novitates, 2007(3587), 1–58. https://doi.org/10.1206/0003-0082(2007)3587[1:TNFODA]2.0.CO;2",https://doi.org/10.1206/0003-0082(2007)3587%5B1:TNFODA%5D2.0.CO;2,https://github.com/globalbioticinteractions/trophiCH/archive/9dcb8b2670c4675817c605f5add33cd183d3fb0e.zip,Científica (artigo com DOI)
Myrmeleon formicarius,preysOn,Plagiolepis vindobonensis,"Engel, M. S., & Grimaldi, D. A. (2007). The Neuropterid Fauna of Dominican and Mexican Amber (Neuropterida: Megaloptera, Neuroptera). American Museum Novitates, 2007(3587), 1–58. https://doi.org/10.1206/0003-0082(2007)3587[1:TNFODA]2.0.CO;2",https://doi.org/10.1206/0003-0082(2007)3587%5B1:TNFODA%5D2.0.CO;2,https://github.com/globalbioticinteractions/trophiCH/archive/9dcb8b2670c4675817c605f5add33cd183d3fb0e.zip,Científica (artigo com DOI)
Acanthaclisis occitanica,preysOn,Plagiolepis vindobonensis,"Engel, M. S., & Grimaldi, D. A. (2007). The Neuropterid Fauna of Dominican and Mexican Amber (Neuropterida: Megaloptera, Neuroptera). American Museum Novitates, 2007(3587), 1–58. https://doi.org/10.1206/0003-0082(2007)3587[1:TNFODA]2.0.CO;2",https://doi.org/10.1206/0003-0082(2007)3587%5B1:TNFODA%5D2.0.CO;2,https://github.com/globalbioticinteractions/trophiCH/archive/9dcb8b2670c4675817c605f5add33cd183d3fb0e.zip,Científica (artigo com DOI)
Euroleon nostras,preysOn,Plagiolepis vindobonensis,"Engel, M. S., & Grimaldi, D. A. (2007). The Neuropterid Fauna of Dominican and Mexican Amber (Neuropterida: Megaloptera, Neuroptera). American Museum Novitates, 2007(3587), 1–58. https://doi.org/10.1206/0003-0082(2007)3587[1:TNFODA]2.0.CO;2",https://doi.org/10.1206/0003-0082(2007)3587%5B1:TNFODA%5D2.0.CO;2,https://github.com/globalbioticinteractions/trophiCH/archive/9dcb8b2670c4675817c605f5add33cd183d3fb0e.zip,Científica (artigo com DOI)
Gymnocnemia variegata,preysOn,Plagiolepis vindobonensis,"Engel, M. S., & Grimaldi, D. A. (2007). The Neuropterid Fauna of Dominican and Mexican Amber (Neuropterida: Megaloptera, Neuroptera). American Museum Novitates, 2007(3587), 1–58. https://doi.org/10.1206/0003-0082(2007)3587[1:TNFODA]2.0.CO;2",https://doi.org/10.1206/0003-0082(2007)3587%5B1:TNFODA%5D2.0.CO;2,https://github.com/globalbioticinteractions/trophiCH/archive/9dcb8b2670c4675817c605f5add33cd183d3fb0e.zip,Científica (artigo com DOI)
Atelura formicaria,parasiteOf,Plagiolepis vindobonensis,"Molero-Baltanás, R., Bach, C., Tinaut, A., Diz-Perez, J., & Gaju-Ricart, M. (2017). Symbiotic relationships between silverfish (Zygentoma: Lepismatidae, Nicoletiidae) and ants (Hymenoptera: Formicidae) in the Western Palaearctic. A quantitative analysis of data from Spain. Myrmecological News, 24, 107–122.",,https://github.com/globalbioticinteractions/trophiCH/archive/9dcb8b2670c4675817c605f5add33cd183d3fb0e.zip,Mineração de texto
Trichodectes unidentifiable,interactsWith,Atta texana,https://mbd-db.osu.edu/hol/collecting_units/0eae5d0b-aade-3aaa-e053-0100007f2cc9,https://mbd-db.osu.edu/hol/collecting_units/0eae5d0b-aade-3aaa-e053-0100007f2cc9,https://github.com/globalbioticinteractions/osal-ar/archive/eaa0ff7fa87f0217b2d1313eec7f2c9ddb0ad232.zip,Outro / não classificado
Blattodea,parasiteOf,Atta texana,"Field Museum of Natural History (Zoology) Insect, Arachnid and Myriapod Collection - Version 12.64. Accessed at <https://fmipt.fieldmuseum.org/ipt/archive.do?r=fmnh_insects> on 11 Apr 2026.",https://db.fieldmuseum.org/6d72bc0e-095a-4b7d-9e68-54458c02dcb4,https://github.com/globalbioticinteractions/fmnh/archive/24a410d7cfa90c1e38899f7a4c3a5b7544d93937.zip,Catálogo institucional
Attaphila fungicola,interactsWith,Atta texana,https://arctos.database.museum/guid/UTEP:Ento:16451,https://arctos.database.museum/guid/UTEP:Ento:16451,https://github.com/globalbioticinteractions/vertnet/archive/a2fbb10c1497ce4a2726e9cd238530c531abe82c.zip,Catálogo institucional
Myrmeleon formicarius,preysOn,Tetramorium,"Engel, M. S., & Grimaldi, D. A. (2007). The Neuropterid Fauna of Dominican and Mexican Amber (Neuropterida: Megaloptera, Neuroptera). American Museum Novitates, 2007(3587), 1–58. https://doi.org/10.1206/0003-0082(2007)3587[1:TNFODA]2.0.CO;2",https://doi.org/10.1206/0003-0082(2007)3587%5B1:TNFODA%5D2.0.CO;2,https://github.com/globalbioticinteractions/trophiCH/archive/9dcb8b2670c4675817c605f5add33cd183d3fb0e.zip,Científica (artigo com DOI)
Euroleon nostras,preysOn,Tetramorium,"Engel, M. S., & Grimaldi, D. A. (2007). The Neuropterid Fauna of Dominican and Mexican Amber (Neuropterida: Megaloptera, Neuroptera). American Museum Novitates, 2007(3587), 1–58. https://doi.org/10.1206/0003-0082(2007)3587[1:TNFODA]2.0.CO;2",https://doi.org/10.1206/0003-0082(2007)3587%5B1:TNFODA%5D2.0.CO;2,https://github.com/globalbioticinteractions/trophiCH/archive/9dcb8b2670c4675817c605f5add33cd183d3fb0e.zip,Científica (artigo com DOI)
Myrmeleon hyalinus,preysOn,Tetramorium,"Engel, M. S., & Grimaldi, D. A. (2007). The Neuropterid Fauna of Dominican and Mexican Amber (Neuropterida: Megaloptera, Neuroptera). American Museum Novitates, 2007(3587), 1–58. https://doi.org/10.1206/0003-0082(2007)3587[1:TNFODA]2.0.CO;2",https://doi.org/10.1206/0003-0082(2007)3587%5B1:TNFODA%5D2.0.CO;2,https://github.com/globalbioticinteractions/trophiCH/archive/9dcb8b2670c4675817c605f5add33cd183d3fb0e.zip,Científica (artigo com DOI)
Gymnocnemia variegata,preysOn,Tetramorium,"Engel, M. S., & Grimaldi, D. A. (2007). The Neuropterid Fauna of Dominican and Mexican Amber (Neuropterida: Megaloptera, Neuroptera). American Museum Novitates, 2007(3587), 1–58. https://doi.org/10.1206/0003-0082(2007)3587[1:TNFODA]2.0.CO;2",https://doi.org/10.1206/0003-0082(2007)3587%5B1:TNFODA%5D2.0.CO;2,https://github.com/globalbioticinteractions/trophiCH/archive/9dcb8b2670c4675817c605f5add33cd183d3fb0e.zip,Científica (artigo com DOI)
Acanthaclisis occitanica,preysOn,Tetramorium,"Engel, M. S., & Grimaldi, D. A. (2007). The Neuropterid Fauna of Dominican and Mexican Amber (Neuropterida: Megaloptera, Neuroptera). American Museum Novitates, 2007(3587), 1–58. https://doi.org/10.1206/0003-0082(2007)3587[1:TNFODA]2.0.CO;2",https://doi.org/10.1206/0003-0082(2007)3587%5B1:TNFODA%5D2.0.CO;2,https://github.com/globalbioticinteractions/trophiCH/archive/9dcb8b2670c4675817c605f5add33cd183d3fb0e.zip,Científica (artigo com DOI)
Atelura formicaria,parasiteOf,Tetramorium,"Molero-Baltanás, R., Bach, C., Tinaut, A., Diz-Perez, J., & Gaju-Ricart, M. (2017). Symbiotic relationships between silverfish (Zygentoma: Lepismatidae, Nicoletiidae) and ants (Hymenoptera: Formicidae) in the Western Palaearctic. A quantitative analysis of data from Spain. Myrmecological News, 24, 107–122.",,https://github.com/globalbioticinteractions/trophiCH/archive/9dcb8b2670c4675817c605f5add33cd183d3fb0e.zip,Mineração de texto
Delphacidae,preyedUponBy,Tetramorium,"Poelen, J. H. Global Biotic Interactions: Interpreted Data Products. Zenodo https://doi.org/10.5281/zenodo.5708970 (2021).",https://doi.org/10.5281/zenodo.5708970,https://github.com/globalbioticinteractions/trophiCH/archive/9dcb8b2670c4675817c605f5add33cd183d3fb0e.zip,Repositório de dados
Hebridae,preyedUponBy,Tetramorium,"Poelen, J. H. Global Biotic Interactions: Interpreted Data Products. Zenodo https://doi.org/10.5281/zenodo.5708970 (2021).",https://doi.org/10.5281/zenodo.5708970,https://github.com/globalbioticinteractions/trophiCH/archive/9dcb8b2670c4675817c605f5add33cd183d3fb0e.zip,Repositório de dados
Platystethus nodifrons,preyedUponBy,Tetramorium,"Poelen, J. H. Global Biotic Interactions: Interpreted Data Products. Zenodo https://doi.org/10.5281/zenodo.5708970 (2021).",https://doi.org/10.5281/zenodo.5708970,https://github.com/globalbioticinteractions/trophiCH/archive/9dcb8b2670c4675817c605f5add33cd183d3fb0e.zip,Repositório de dados
Psychodidae,preyedUponBy,Tetramorium,"Poelen, J. H. Global Biotic Interactions: Interpreted Data Products. Zenodo https://doi.org/10.5281/zenodo.5708970 (2021).",https://doi.org/10.5281/zenodo.5708970,https://github.com/globalbioticinteractions/trophiCH/archive/9dcb8b2670c4675817c605f5add33cd183d3fb0e.zip,Repositório de dados
Pentatomidae,preyedUponBy,Tetramorium,"Poelen, J. H. Global Biotic Interactions: Interpreted Data Products. Zenodo https://doi.org/10.5281/zenodo.5708970 (2021).",https://doi.org/10.5281/zenodo.5708970,https://github.com/globalbioticinteractions/trophiCH/archive/9dcb8b2670c4675817c605f5add33cd183d3fb0e.zip,Repositório de dados
Blattodea,preyedUponBy,Tetramorium,"Poelen, J. H. Global Biotic Interactions: Interpreted Data Products. Zenodo https://doi.org/10.5281/zenodo.5708970 (2021).",https://doi.org/10.5281/zenodo.5708970,https://github.com/globalbioticinteractions/trophiCH/archive/9dcb8b2670c4675817c605f5add33cd183d3fb0e.zip,Repositório de dados
Hebrus ruficeps,preyedUponBy,Tetramorium,"Poelen, J. H. Global Biotic Interactions: Interpreted Data Products. Zenodo https://doi.org/10.5281/zenodo.5708970 (2021).",https://doi.org/10.5281/zenodo.5708970,https://github.com/globalbioticinteractions/trophiCH/archive/9dcb8b2670c4675817c605f5add33cd183d3fb0e.zip,Repositório de dados
Edaphus,preyedUponBy,Tetramorium,"Poelen, J. H. Global Biotic Interactions: Interpreted Data Products. Zenodo https://doi.org/10.5281/zenodo.5708970 (2021).",https://doi.org/10.5281/zenodo.5708970,https://github.com/globalbioticinteractions/trophiCH/archive/9dcb8b2670c4675817c605f5add33cd183d3fb0e.zip,Repositório de dados
Rugilus rufipes,preyedUponBy,Tetramorium,"Poelen, J. H. Global Biotic Interactions: Interpreted Data Products. Zenodo https://doi.org/10.5281/zenodo.5708970 (2021).",https://doi.org/10.5281/zenodo.5708970,https://github.com/globalbioticinteractions/trophiCH/archive/9dcb8b2670c4675817c605f5add33cd183d3fb0e.zip,Repositório de dados
Carpelimus manchuricus,preyedUponBy,Tetramorium,"Poelen, J. H. Global Biotic Interactions: Interpreted Data Products. Zenodo https://doi.org/10.5281/zenodo.5708970 (2021).",https://doi.org/10.5281/zenodo.5708970,https://github.com/globalbioticinteractions/trophiCH/archive/9dcb8b2670c4675817c605f5add33cd183d3fb0e.zip,Repositório de dados
Propylaea quatuordecimpunctata,preyedUponBy,Tetramorium,"Poelen, J. H. Global Biotic Interactions: Interpreted Data Products. Zenodo https://doi.org/10.5281/zenodo.5708970 (2021).",https://doi.org/10.5281/zenodo.5708970,https://github.com/globalbioticinteractions/trophiCH/archive/9dcb8b2670c4675817c605f5add33cd183d3fb0e.zip,Repositório de dados
Anotylus,preyedUponBy,Tetramorium,"Poelen, J. H. Global Biotic Interactions: Interpreted Data Products. Zenodo https://doi.org/10.5281/zenodo.5708970 (2021).",https://doi.org/10.5281/zenodo.5708970,https://github.com/globalbioticinteractions/trophiCH/archive/9dcb8b2670c4675817c605f5add33cd183d3fb0e.zip,Repositório de dados
Bembidion assimile,preyedUponBy,Tetramorium,"Poelen, J. H. Global Biotic Interactions: Interpreted Data Products. Zenodo https://doi.org/10.5281/zenodo.5708970 (2021).",https://doi.org/10.5281/zenodo.5708970,https://github.com/globalbioticinteractions/trophiCH/archive/9dcb8b2670c4675817c605f5add33cd183d3fb0e.zip,Repositório de dados
Acupalpus flavicollis,preyedUponBy,Tetramorium,"Poelen, J. H. Global Biotic Interactions: Interpreted Data Products. Zenodo https://doi.org/10.5281/zenodo.5708970 (2021).",https://doi.org/10.5281/zenodo.5708970,https://github.com/globalbioticinteractions/trophiCH/archive/9dcb8b2670c4675817c605f5add33cd183d3fb0e.zip,Repositório de dados
Stenus,preyedUponBy,Tetramorium,"Poelen, J. H. Global Biotic Interactions: Interpreted Data Products. Zenodo https://doi.org/10.5281/zenodo.5708970 (2021).",https://doi.org/10.5281/zenodo.5708970,https://github.com/globalbioticinteractions/trophiCH/archive/9dcb8b2670c4675817c605f5add33cd183d3fb0e.zip,Repositório de dados
Staphylinidae,preysOn,Tetramorium,"Poelen, J. H. Global Biotic Interactions: Interpreted Data Products. Zenodo https://doi.org/10.5281/zenodo.5708970 (2021).",https://doi.org/10.5281/zenodo.5708970,https://github.com/globalbioticinteractions/trophiCH/archive/9dcb8b2670c4675817c605f5add33cd183d3fb0e.zip,Repositório de dados
Hebrus pusillus,preyedUponBy,Tetramorium,"Poelen, J. H. Global Biotic Interactions: Interpreted Data Products. Zenodo https://doi.org/10.5281/zenodo.5708970 (2021).",https://doi.org/10.5281/zenodo.5708970,https://github.com/globalbioticinteractions/trophiCH/archive/9dcb8b2670c4675817c605f5add33cd183d3fb0e.zip,Repositório de dados
Hercostomus assimilis,preysOn,Tetramorium,"Poelen, J. H. Global Biotic Interactions: Interpreted Data Products. Zenodo https://doi.org/10.5281/zenodo.5708970 (2021).",https://doi.org/10.5281/zenodo.5708970,https://github.com/globalbioticinteractions/trophiCH/archive/9dcb8b2670c4675817c605f5add33cd183d3fb0e.zip,Repositório de dados
Paederus riparius,preysOn,Tetramorium,"Poelen, J. H. Global Biotic Interactions: Interpreted Data Products. Zenodo https://doi.org/10.5281/zenodo.5708970 (2021).",https://doi.org/10.5281/zenodo.5708970,https://github.com/globalbioticinteractions/trophiCH/archive/9dcb8b2670c4675817c605f5add33cd183d3fb0e.zip,Repositório de dados
Anacaena limbata,preyedUponBy,Tetramorium,"Cattin Blandenier, M.-F. 2004. Food web ecology: models and application to conservation.",,https://github.com/globalbioticinteractions/brose/archive/a91b5a2371034d5520784e4867dd3c27ce3155bc.zip,Mineração de texto
Pelochares versicolor,preyedUponBy,Tetramorium,"Cattin Blandenier, M.-F. 2004. Food web ecology: models and application to conservation.",,https://github.com/globalbioticinteractions/brose/archive/a91b5a2371034d5520784e4867dd3c27ce3155bc.zip,Mineração de texto
Fulgoroidea,preyedUponBy,Tetramorium,"Cattin Blandenier, M.-F. 2004. Food web ecology: models and application to conservation.",,https://github.com/globalbioticinteractions/brose/archive/a91b5a2371034d5520784e4867dd3c27ce3155bc.zip,Mineração de texto
Brachygluta,preyedUponBy,Tetramorium,"Cattin Blandenier, M.-F. 2004. Food web ecology: models and application to conservation.",,https://github.com/globalbioticinteractions/brose/archive/a91b5a2371034d5520784e4867dd3c27ce3155bc.zip,Mineração de texto
Tetartopeus terminatus,preysOn,Tetramorium,"Cattin Blandenier, M.-F. 2004. Food web ecology: models and application to conservation.",,https://github.com/globalbioticinteractions/brose/archive/a91b5a2371034d5520784e4867dd3c27ce3155bc.zip,Mineração de texto
Heteroptera,preyedUponBy,Tetramorium,"Cattin Blandenier, M.-F. 2004. Food web ecology: models and application to conservation.",,https://github.com/globalbioticinteractions/brose/archive/a91b5a2371034d5520784e4867dd3c27ce3155bc.zip,Mineração de texto
Carpelimus corticinus,preyedUponBy,Tetramorium,"Cattin Blandenier, M.-F. 2004. Food web ecology: models and application to conservation.",,https://github.com/globalbioticinteractions/brose/archive/a91b5a2371034d5520784e4867dd3c27ce3155bc.zip,Mineração de texto
Aphidoidea,preyedUponBy,Tetramorium,"Cattin Blandenier, M.-F. 2004. Food web ecology: models and application to conservation.",,https://github.com/globalbioticinteractions/brose/archive/a91b5a2371034d5520784e4867dd3c27ce3155bc.zip,Mineração de texto
Cicadoidea,preyedUponBy,Tetramorium,"Cattin Blandenier, M.-F. 2004. Food web ecology: models and application to conservation.",,https://github.com/globalbioticinteractions/brose/archive/a91b5a2371034d5520784e4867dd3c27ce3155bc.zip,Mineração de texto
Aleocharinae,preyedUponBy,Tetramorium,"Cattin Blandenier, M.-F. 2004. Food web ecology: models and application to conservation.",,https://github.com/globalbioticinteractions/brose/archive/a91b5a2371034d5520784e4867dd3c27ce3155bc.zip,Mineração de texto
Chaetarthria seminulum,preyedUponBy,Tetramorium,"Cattin Blandenier, M.-F. 2004. Food web ecology: models and application to conservation.",,https://github.com/globalbioticinteractions/brose/archive/a91b5a2371034d5520784e4867dd3c27ce3155bc.zip,Mineração de texto
Typhlocybini,preyedUponBy,Tetramorium,"Cattin Blandenier, M.-F. 2004. Food web ecology: models and application to conservation.",,https://github.com/globalbioticinteractions/brose/archive/a91b5a2371034d5520784e4867dd3c27ce3155bc.zip,Mineração de texto
Euconnus hirticollis,preyedUponBy,Tetramorium,"Cattin Blandenier, M.-F. 2004. Food web ecology: models and application to conservation.",,https://github.com/globalbioticinteractions/brose/archive/a91b5a2371034d5520784e4867dd3c27ce3155bc.zip,Mineração de texto
Strongylognathus testaceus,parasiteOf,Tetramorium,https://www.inaturalist.org/observations/234894635,https://www.inaturalist.org/observations/234894635,https://github.com/globalbioticinteractions/inaturalist/archive/b19ef1c1934c31e033fe4f1a81259fc257e55013.zip,Observação de ocorrência
Orasema polymyrmex,hasParasitoid,Tetramorium,"@misc{ChecklistBankDataset124661, version = {Apr 2025}, url = {https://ucd.chalcid.org}, title = {Universal Chalcidoidea Database curated in TaxonWorks}, year = 2025, month = 4}. Accessed at <https://api.checklistbank.org/dataset/124661/archive.zip> on 10 Apr 2026.",,https://api.checklistbank.org/dataset/124661/archive.zip,Mineração de texto
Trichobius,preyedUponBy,Tetramorium,https://pmc.ncbi.nlm.nih.gov/articles/PMC3091855,https://pmc.ncbi.nlm.nih.gov/articles/PMC3091855,https://github.com/fkeck/gpt_interactions/archive/8eb44867f49875c46ceaebc3a6cd8dfb8bf68ef6.zip,Outro / não classificado
Diptera,preyedUponBy,Tetramorium,https://pmc.ncbi.nlm.nih.gov/articles/PMC3091855,https://pmc.ncbi.nlm.nih.gov/articles/PMC3091855,https://github.com/fkeck/gpt_interactions/archive/8eb44867f49875c46ceaebc3a6cd8dfb8bf68ef6.zip,Outro / não classificado
Musca domestica,preyedUponBy,Pheidole,"Poelen, J. H. Global Biotic Interactions: Interpreted Data Products. Zenodo https://doi.org/10.5281/zenodo.5708970 (2021).",https://doi.org/10.5281/zenodo.5708970,https://github.com/globalbioticinteractions/trophiCH/archive/9dcb8b2670c4675817c605f5add33cd183d3fb0e.zip,Repositório de dados
Diptera,preyedUponBy,Pheidole,"Poelen, J. H. Global Biotic Interactions: Interpreted Data Products. Zenodo https://doi.org/10.5281/zenodo.5708970 (2021).",https://doi.org/10.5281/zenodo.5708970,https://github.com/globalbioticinteractions/trophiCH/archive/9dcb8b2670c4675817c605f5add33cd183d3fb0e.zip,Repositório de dados
Periplaneta americana,preyedUponBy,Pheidole,"Poelen, J. H. Global Biotic Interactions: Interpreted Data Products. Zenodo https://doi.org/10.5281/zenodo.5708970 (2021).",https://doi.org/10.5281/zenodo.5708970,https://github.com/globalbioticinteractions/trophiCH/archive/9dcb8b2670c4675817c605f5add33cd183d3fb0e.zip,Repositório de dados
Pheidoliphila minuta,interactsWith,Pheidole,"ABRS 2009. Australian Faunal Directory. Pheidoliphila minuta. Australian Biological Resources StudyNode, Canberra. Accessed at <http://biodiversity.org.au/afd/taxa/9c5af260-6c28-4f8a-8694-985ce206f29d> on 11 Apr 2026.",http://biodiversity.org.au/afd/taxa/9c5af260-6c28-4f8a-8694-985ce206f29d,https://github.com/globalbioticinteractions/siad/archive/e0f252a567f5610e978f85981cb3a2e76f09b20c.zip,Outro / não classificado
Pheidoliphila granulata,interactsWith,Pheidole,"ABRS 2009. Australian Faunal Directory. Pheidoliphila granulata. Australian Biological Resources StudyNode, Canberra. Accessed at <http://biodiversity.org.au/afd/taxa/1a1eaf93-e514-4119-aefb-85e1d1c6a2b2> on 11 Apr 2026.",http://biodiversity.org.au/afd/taxa/1a1eaf93-e514-4119-aefb-85e1d1c6a2b2,https://github.com/globalbioticinteractions/siad/archive/e0f252a567f5610e978f85981cb3a2e76f09b20c.zip,Outro / não classificado
Pheidoliphila carbo,interactsWith,Pheidole,"ABRS 2009. Australian Faunal Directory. Pheidoliphila carbo. Australian Biological Resources StudyNode, Canberra. Accessed at <http://biodiversity.org.au/afd/taxa/ba892848-eb21-451e-89b3-fc8f8791bdd9> on 11 Apr 2026.",http://biodiversity.org.au/afd/taxa/ba892848-eb21-451e-89b3-fc8f8791bdd9,https://github.com/globalbioticinteractions/siad/archive/e0f252a567f5610e978f85981cb3a2e76f09b20c.zip,Outro / não classificado
Orasema valgius,parasiteOf,Pheidole,Heraty994 via Universal Chalcidoidea Database,,https://github.com/globalbioticinteractions/natural-history-museum-london-interactions-bank/archive/0385e7b8c3f9681042f3edda7bd1d2c3766feb29.zip,Mineração de texto
Orasema,parasiteOf,Pheidole,Heraty2000 via Universal Chalcidoidea Database,,https://github.com/globalbioticinteractions/natural-history-museum-london-interactions-bank/archive/0385e7b8c3f9681042f3edda7bd1d2c3766feb29.zip,Mineração de texto
Orasema susanae,parasiteOf,Pheidole,Torren2013 via Universal Chalcidoidea Database,,https://github.com/globalbioticinteractions/natural-history-museum-london-interactions-bank/archive/0385e7b8c3f9681042f3edda7bd1d2c3766feb29.zip,Mineração de texto
Orasema minuta,parasiteOf,Pheidole,Heraty2002 via Universal Chalcidoidea Database,,https://github.com/globalbioticinteractions/natural-history-museum-london-interactions-bank/archive/0385e7b8c3f9681042f3edda7bd1d2c3766feb29.zip,Mineração de texto
Orasemorpha eribotes,parasiteOf,Pheidole,Boucek988c via Universal Chalcidoidea Database,,https://github.com/globalbioticinteractions/natural-history-museum-london-interactions-bank/archive/0385e7b8c3f9681042f3edda7bd1d2c3766feb29.zip,Mineração de texto
Orasema tolteca,parasiteOf,Pheidole,Burks979 via Universal Chalcidoidea Database,,https://github.com/globalbioticinteractions/natural-history-museum-london-interactions-bank/archive/0385e7b8c3f9681042f3edda7bd1d2c3766feb29.zip,Mineração de texto
Holcencyrtus wheeleri,parasiteOf,Pheidole,Peck963 via Universal Chalcidoidea Database,,https://github.com/globalbioticinteractions/natural-history-museum-london-interactions-bank/archive/0385e7b8c3f9681042f3edda7bd1d2c3766feb29.zip,Mineração de texto
Pheidole dentata,interactsWith,Pheidole,https://arctos.database.museum/guid/UTEP:Ento:2738,https://arctos.database.museum/guid/UTEP:Ento:2738,https://github.com/globalbioticinteractions/vertnet/archive/a2fbb10c1497ce4a2726e9cd238530c531abe82c.zip,Catálogo institucional
Pogonomyrmex rugosus,interactsWith,Pheidole,https://arctos.database.museum/guid/UTEP:Ento:9551,https://arctos.database.museum/guid/UTEP:Ento:9551,https://github.com/globalbioticinteractions/vertnet/archive/a2fbb10c1497ce4a2726e9cd238530c531abe82c.zip,Catálogo institucional
Monomorium,interactsWith,Pheidole,https://arctos.database.museum/guid/UTEP:Ento:22667,https://arctos.database.museum/guid/UTEP:Ento:22667,https://github.com/globalbioticinteractions/vertnet/archive/a2fbb10c1497ce4a2726e9cd238530c531abe82c.zip,Catálogo institucional
Odontomachus bauri,interactsWith,Pheidole,https://arctos.database.museum/guid/UTEP:Ento:3220,https://arctos.database.museum/guid/UTEP:Ento:3220,https://github.com/globalbioticinteractions/vertnet/archive/a2fbb10c1497ce4a2726e9cd238530c531abe82c.zip,Catálogo institucional
Pheidole bicarinata,interactsWith,Pheidole,https://arctos.database.museum/guid/UTEP:Ento:2966,https://arctos.database.museum/guid/UTEP:Ento:2966,https://github.com/globalbioticinteractions/vertnet/archive/a2fbb10c1497ce4a2726e9cd238530c531abe82c.zip,Catálogo institucional
Dorymyrmex smithi,interactsWith,Pheidole,https://arctos.database.museum/guid/UTEP:Ento:3588,https://arctos.database.museum/guid/UTEP:Ento:3588,https://github.com/globalbioticinteractions/vertnet/archive/a2fbb10c1497ce4a2726e9cd238530c531abe82c.zip,Catálogo institucional
Probolomyrmex brujitae,interactsWith,Pheidole,https://arctos.database.museum/guid/UTEP:Ento:3266,https://arctos.database.museum/guid/UTEP:Ento:3266,https://github.com/globalbioticinteractions/vertnet/archive/a2fbb10c1497ce4a2726e9cd238530c531abe82c.zip,Catálogo institucional
Pinaxister decipiens,parasiteOf,Pheidole,"Field Museum of Natural History (Zoology) Insect, Arachnid and Myriapod Collection - Version 12.64. Accessed at <https://fmipt.fieldmuseum.org/ipt/archive.do?r=fmnh_insects> on 11 Apr 2026.",https://db.fieldmuseum.org/66b7c36a-c8f6-463f-968b-6a3a959cb14e,https://github.com/globalbioticinteractions/fmnh/archive/24a410d7cfa90c1e38899f7a4c3a5b7544d93937.zip,Catálogo institucional
Wiedemannia (Wiedemannia),eatenBy,Pheidole,"Schoenly, K. and Reid, W. (1983). Community structure of carrion arthropods in the Chihuahuan Desert.  J. Arid Environ. 6:253-263. ",,https://github.com/globalbioticinteractions/globalwebdb/archive/12f2c1ad026e634aea47dc40c0a5e9d463165058.zip,Mineração de texto
Myrsidea birmensis,eatenBy,Pheidole,"M. McKinnerney. (1978). Carrion Communities in the Northern Chihuahuan Desert. The Southwestern Naturalist. 23(4), pp. 563-576; see also McKinnerney, M. (1977). Carrion communities in the northern Chihuahuan Desert. M.S. thesis. University of Texas-El Paso, Texas. ",,https://github.com/globalbioticinteractions/globalwebdb/archive/12f2c1ad026e634aea47dc40c0a5e9d463165058.zip,Mineração de texto
Wiedemannia (Wiedemannia),preyedUponBy,Pheidole,"@article{Schoenly_1983, doi = {10.1016/s0140-1963(18)31510-6}, url = {https://doi.org/10.1016%2Fs0140-1963%2818%2931510-6}, year = 1983, month = {sep}, publisher = {Elsevier {BV}}, volume = {6}, number = {3}, pages = {253--263}, author = {Kenneth Schoenly and William Reid}, title = {Community structure of carrion arthropods in the Chihuahuan Desert}, journal = {Journal of Arid Environments}}",https://www.sciencedirect.com/science/article/abs/pii/S0140196318315106,https://github.com/globalbioticinteractions/mangal/archive/496346227463f7003c1e4e6620693325b4cb294d.zip,Outro / não classificado
Orasema polymyrmex,hasParasitoid,Pheidole,"@article{113728,
  author = {Heraty, John M. and Baker, Austin J.},
  journal = {Journal of Natural History},
  month = {sep},
  day = {23},
  number = {9-12},
  pages = {735–754},
  publisher = {Informa UK Limited},
  title = {New species of <i>Orasema</i> (Hymenoptera: Eucharitidae) from Central and South America},
  volume = {54},
  year = {2020},
  url = {https://doi.org/10.1080%2F00222933.2020.1747651},
  note = {2022-09-15 00:34:03 UTC: John Heraty: Key to species of the lasallei group},
  issn = {0022-2933},
  doi = {10.1080/00222933.2020.1747651}
}
",,https://github.com/globalbioticinteractions/taxonworks/archive/be31110eb0240105ac57901aff7b24850fe7069f.zip,Mineração de texto
Orasema susanae,hasHost,Pheidole,"@article{98372,
  author = {Torréns, J.},
  journal = {Psyche, a Journal of Entomology (Cambridge, Massachusetts)},
  pages = {1–14},
  title = {A review of the biology of Eucharitidae (Hymenoptera: Chalcidoidea) from Argentina.},
  volume = {926572},
  year = {2013},
  issn = {0033-2615},
  doi = {10.1155/2013/926572}
}
",,https://github.com/globalbioticinteractions/taxonworks/archive/be31110eb0240105ac57901aff7b24850fe7069f.zip,Mineração de texto
Hayatosema assectator,hasHost,Pheidole,"@article{70198,
  address = {Gainesville, Florida},
  author = {Heraty, John M.},
  journal = {Memoirs of the American Entomological Institute},
  pages = {1–367},
  publisher = {The American Entomological Institute},
  title = {A revision of the genera of Eucharitidae (Hymenoptera: Chalcidoidea) of the world.},
  volume = {68},
  year = {2002},
  isbn = {9781887988124},
  issn = {0065-8162}
}
",,https://github.com/globalbioticinteractions/taxonworks/archive/be31110eb0240105ac57901aff7b24850fe7069f.zip,Mineração de texto
Orasema,hasHost,Pheidole,"@article{70197,
  author = {Heraty, J.M.},
  journal = {Annals of the Entomological Society of America},
  number = {3},
  pages = {374–390},
  title = {Phylogenetic relationships of Oraseminae (Hymenoptera: Eucharitidae).},
  volume = {93},
  year = {2000},
  issn = {0013-8746},
  doi = {10.1603/0013-8746(2000)093[0374:PROOHE]2.0.CO;2}
}
",,https://github.com/globalbioticinteractions/taxonworks/archive/be31110eb0240105ac57901aff7b24850fe7069f.zip,Mineração de texto
Orasema valgius,hasHost,Pheidole,"@article{70197,
  author = {Heraty, J.M.},
  journal = {Annals of the Entomological Society of America},
  number = {3},
  pages = {374–390},
  title = {Phylogenetic relationships of Oraseminae (Hymenoptera: Eucharitidae).},
  volume = {93},
  year = {2000},
  issn = {0013-8746},
  doi = {10.1603/0013-8746(2000)093[0374:PROOHE]2.0.CO;2}
}
",,https://github.com/globalbioticinteractions/taxonworks/archive/be31110eb0240105ac57901aff7b24850fe7069f.zip,Mineração de texto
Australosema pheidolophaga,hasHost,Pheidole,"@article{70217,
  address = {Toronto, Canada},
  author = {Heraty, John M.},
  journal = {Life Sciences Contributions, Royal Ontario Museum},
  month = {nov},
  day = {1},
  pages = {1–174},
  publisher = {Royal Ontario Museum},
  series = {Life Sciences Contributions, No. 157},
  title = {Classification and evolution of the Oraseminae in the Old World, including revision of two closely related genera of Eucharitinae (Hymenoptera: Eucharitidae)},
  volume = {157},
  year = {1994},
  isbn = {088854412X},
  stated_year = {1994},
  year_suffix = {a},
  doi = {10.5962/bhl.title.53489}
}
",,https://github.com/globalbioticinteractions/taxonworks/archive/be31110eb0240105ac57901aff7b24850fe7069f.zip,Mineração de texto
Orasemorpha eribotes,hasHost,Pheidole,"@book{55213,
  address = {Wallingford, United Kingdom},
  author = {Bouček, Zdeněk},
  month = {jun},
  day = {7},
  pages = {832},
  publisher = {CAB International},
  title = {Australasian Chalcidoidea (Hymenoptera). A Biosystematic Revision of Genera of Fourteen Families, with a Reclassification of Species},
  year = {1988},
  isbn = {0851986072},
  year_suffix = {c}
}
",,https://github.com/globalbioticinteractions/taxonworks/archive/be31110eb0240105ac57901aff7b24850fe7069f.zip,Mineração de texto
Holcencyrtus wheeleri,interactsWith,Pheidole,"@article{86691,
  author = {Peck, O.},
  journal = {The Canadian Entomologist (Supplement)},
  month = {jun},
  day = {3},
  pages = {1–1092},
  title = {A catalogue of the Nearctic Chalcidoidea (Insecta: Hymenoptera)},
  volume = {30},
  year = {1963},
  stated_year = {1963}
}
",,https://github.com/globalbioticinteractions/taxonworks/archive/be31110eb0240105ac57901aff7b24850fe7069f.zip,Mineração de texto
Neivamyrmex nigrescens,eats,Pheidole,https://www.inaturalist.org/observations/85645996,https://www.inaturalist.org/observations/85645996,https://github.com/globalbioticinteractions/inaturalist/archive/b19ef1c1934c31e033fe4f1a81259fc257e55013.zip,Observação de ocorrência
Eucalymnatus tessellatus,interactsWith,Pheidole,https://www.inaturalist.org/observations/254249224,https://www.inaturalist.org/observations/254249224,https://github.com/globalbioticinteractions/inaturalist/archive/b19ef1c1934c31e033fe4f1a81259fc257e55013.zip,Observação de ocorrência
Euborellia annulipes,eatenBy,Pheidole,https://www.inaturalist.org/observations/151413089,https://www.inaturalist.org/observations/151413089,https://github.com/globalbioticinteractions/inaturalist/archive/b19ef1c1934c31e033fe4f1a81259fc257e55013.zip,Observação de ocorrência
Periplaneta americana,eatenBy,Pheidole,https://www.inaturalist.org/observations/147038486,https://www.inaturalist.org/observations/147038486,https://github.com/globalbioticinteractions/inaturalist/archive/b19ef1c1934c31e033fe4f1a81259fc257e55013.zip,Observação de ocorrência
Pheidole,interactsWith,Pheidole,https://www.inaturalist.org/observations/46471266,https://www.inaturalist.org/observations/46471266,https://github.com/globalbioticinteractions/inaturalist/archive/b19ef1c1934c31e033fe4f1a81259fc257e55013.zip,Observação de ocorrência
Neotynelia pubescens,interactsWith,Pheidole,https://www.inaturalist.org/observations/208551625,https://www.inaturalist.org/observations/208551625,https://github.com/globalbioticinteractions/inaturalist/archive/b19ef1c1934c31e033fe4f1a81259fc257e55013.zip,Observação de ocorrência
Camponotus pressipes,interactsWith,Pheidole,https://www.inaturalist.org/observations/291818443,https://www.inaturalist.org/observations/291818443,https://github.com/globalbioticinteractions/inaturalist/archive/b19ef1c1934c31e033fe4f1a81259fc257e55013.zip,Observação de ocorrência
Pactolinus major,preyedUponBy,Pheidole,https://www.inaturalist.org/observations/92791140,https://www.inaturalist.org/observations/92791140,https://github.com/globalbioticinteractions/inaturalist/archive/b19ef1c1934c31e033fe4f1a81259fc257e55013.zip,Observação de ocorrência
Neivamyrmex gibbatus,preysOn,Pheidole,"Hoenle, P.O. et al., 2019. Species‐level predation network uncovers high prey specificity in a Neotropical army ant community. Molecular Ecology, 28(9), pp.2423–2440. Available at: http://dx.doi.org/10.1111/mec.15078. Accessed at <https://github.com/globalbioticinteractions/hoenle2019/archive/74cc15a3473e1354fc6cf424688221b1de777afc.zip> on 11 Apr 2026.",,https://github.com/globalbioticinteractions/hoenle2019/archive/74cc15a3473e1354fc6cf424688221b1de777afc.zip,Mineração de texto
Orasema minuta,hasHost,Pheidole,"Heraty, J.M. (2002) A revision of the genera of Eucharitidae (Hymenoptera: Chalcidoidea) of the world. <i>Memoirs of the American Entomological Institute</i> 68, 1–367.",,https://api.checklistbank.org/dataset/124661/archive.zip,Mineração de texto
Orasema tolteca,hasHost,Pheidole,"Burks, B.D. (1979) Torymidae (Agaoninae) and all other families of Chalcidoidea (excluding Encyrtidae). In K.V. Krombein, P.D.jr. Hurd, D.R. Smith, &amp; B.D. Burks (Eds.). <i>Catalog of Hymenoptera in America North of Mexico</i>. Smithsonian Institute Press, Washington, D.C. Vol. 1, 748–749, 768–889, 967–1043 pp.",,https://api.checklistbank.org/dataset/124661/archive.zip,Mineração de texto
Platymeris,preyedUponBy,Pheidole,https://pmc.ncbi.nlm.nih.gov/articles/PMC7953223,https://pmc.ncbi.nlm.nih.gov/articles/PMC7953223,https://github.com/fkeck/gpt_interactions/archive/8eb44867f49875c46ceaebc3a6cd8dfb8bf68ef6.zip,Outro / não classificado
Danaus plexippus,eatenBy,Solenopsis invicta,https://www.inaturalist.org/observations/37474789,https://www.inaturalist.org/observations/37474789,https://github.com/globalbioticinteractions/inaturalist/archive/b19ef1c1934c31e033fe4f1a81259fc257e55013.zip,Observação de ocorrência
Scarabaeidae,preyedUponBy,Solenopsis invicta,https://www.inaturalist.org/observations/131595000,https://www.inaturalist.org/observations/131595000,https://github.com/globalbioticinteractions/inaturalist/archive/b19ef1c1934c31e033fe4f1a81259fc257e55013.zip,Observação de ocorrência
Aphididae,interactsWith,Solenopsis invicta,https://www.inaturalist.org/observations/125071088,https://www.inaturalist.org/observations/125071088,https://github.com/globalbioticinteractions/inaturalist/archive/b19ef1c1934c31e033fe4f1a81259fc257e55013.zip,Observação de ocorrência
Solenopsis invicta,interactsWith,Solenopsis invicta,A. Thessen. 2014. Species associations extracted from EOL text data objects via text mining. Accessed at <https://github.com/EOL/pseudonitzchia/archive/e5838965a186fba4b7215cd0d179c4526773bad5.zip> on 10 Apr 2026.,,https://github.com/EOL/pseudonitzchia/archive/e5838965a186fba4b7215cd0d179c4526773bad5.zip,Mineração de texto
Nezara,eatenBy,Solenopsis invicta,"Jouvenaz, D.P., and Lofgren, C.S., 1984. Host specificity of Burenella dimorpha (Microspora: Microsporida). J. Invertebr. Pathol. 43: 441-442.",,https://zenodo.org/records/258220/files/millerse/Ecological-Database-of-the-World-s-Insect-Pathogens-v1.0.zip,Mineração de texto
Meloidae,interactsWith,Solenopsis invicta,Archbold Biological Station Arthropod Collection. http://symbiota4.acis.ufl.edu/scan/portal/content/dwca/ABS-ARTHARCH_DwC-A.zip,,https://github.com/millerse/Biological-Station-Arthropod-Collection/archive/bb37104860ca553e97430ac3b6f5fce0a7578663.zip,Mineração de texto
Melittobia chalybii,parasitoidOf,Hypoponera opacior,"Piechnik et al. (2008), Simberloff and Wilson (1969)",,https://github.com/globalbioticinteractions/brose-gateway/archive/c89ac44d03decc76d59908d74e2a5ff6d3cd618d.zip,Mineração de texto
Calliephialtes ferrugineus,parasitoidOf,Hypoponera opacior,"Piechnik et al. (2008), Simberloff and Wilson (1969)",,https://github.com/globalbioticinteractions/brose-gateway/archive/c89ac44d03decc76d59908d74e2a5ff6d3cd618d.zip,Mineração de texto
Casinaria grandis,parasitoidOf,Hypoponera opacior,"Piechnik et al. (2008), Simberloff and Wilson (1969)",,https://github.com/globalbioticinteractions/brose-gateway/archive/c89ac44d03decc76d59908d74e2a5ff6d3cd618d.zip,Mineração de texto
Alachua floridensis,interactsWith,Camponotus floridanus,https://scan-bugs.org:443/portal/collections/individual/index.php?occid=39200248,https://scan-bugs.org:443/portal/collections/individual/index.php?occid=39200248,https://github.com/globalbioticinteractions/scan/archive/9df0ef7510806b23a78af6300eb201ad82bbe185.zip,Observação de ocorrência
Myrmecophilus pergandei,interactsWith,Camponotus floridanus,https://scan-bugs.org:443/portal/collections/individual/index.php?occid=37942820,https://scan-bugs.org:443/portal/collections/individual/index.php?occid=37942820,https://github.com/globalbioticinteractions/scan/archive/9df0ef7510806b23a78af6300eb201ad82bbe185.zip,Observação de ocorrência
Calliephialtes ferrugineus,parasitoidOf,Camponotus floridanus,"Piechnik et al. (2008), Simberloff and Wilson (1969)",,https://github.com/globalbioticinteractions/brose-gateway/archive/c89ac44d03decc76d59908d74e2a5ff6d3cd618d.zip,Mineração de texto
Casinaria grandis,parasitoidOf,Camponotus floridanus,"Piechnik et al. (2008), Simberloff and Wilson (1969)",,https://github.com/globalbioticinteractions/brose-gateway/archive/c89ac44d03decc76d59908d74e2a5ff6d3cd618d.zip,Mineração de texto
Ceroplastes,preyedUponBy,Camponotus floridanus,"Piechnik et al. (2008), Simberloff and Wilson (1969)",,https://github.com/globalbioticinteractions/brose-gateway/archive/c89ac44d03decc76d59908d74e2a5ff6d3cd618d.zip,Mineração de texto
Melittobia chalybii,parasitoidOf,Camponotus floridanus,"Piechnik et al. (2008), Simberloff and Wilson (1969)",,https://github.com/globalbioticinteractions/brose-gateway/archive/c89ac44d03decc76d59908d74e2a5ff6d3cd618d.zip,Mineração de texto
Myrmeleon hyalinus,preysOn,Formicidae,"Engel, M. S., & Grimaldi, D. A. (2007). The Neuropterid Fauna of Dominican and Mexican Amber (Neuropterida: Megaloptera, Neuroptera). American Museum Novitates, 2007(3587), 1–58. https://doi.org/10.1206/0003-0082(2007)3587[1:TNFODA]2.0.CO;2",https://doi.org/10.1206/0003-0082(2007)3587%5B1:TNFODA%5D2.0.CO;2,https://github.com/globalbioticinteractions/trophiCH/archive/9dcb8b2670c4675817c605f5add33cd183d3fb0e.zip,Científica (artigo com DOI)
Gymnocnemia variegata,preysOn,Formicidae,"Engel, M. S., & Grimaldi, D. A. (2007). The Neuropterid Fauna of Dominican and Mexican Amber (Neuropterida: Megaloptera, Neuroptera). American Museum Novitates, 2007(3587), 1–58. https://doi.org/10.1206/0003-0082(2007)3587[1:TNFODA]2.0.CO;2",https://doi.org/10.1206/0003-0082(2007)3587%5B1:TNFODA%5D2.0.CO;2,https://github.com/globalbioticinteractions/trophiCH/archive/9dcb8b2670c4675817c605f5add33cd183d3fb0e.zip,Científica (artigo com DOI)
Myrmeleon formicarius,preysOn,Formicidae,"Engel, M. S., & Grimaldi, D. A. (2007). The Neuropterid Fauna of Dominican and Mexican Amber (Neuropterida: Megaloptera, Neuroptera). American Museum Novitates, 2007(3587), 1–58. https://doi.org/10.1206/0003-0082(2007)3587[1:TNFODA]2.0.CO;2",https://doi.org/10.1206/0003-0082(2007)3587%5B1:TNFODA%5D2.0.CO;2,https://github.com/globalbioticinteractions/trophiCH/archive/9dcb8b2670c4675817c605f5add33cd183d3fb0e.zip,Científica (artigo com DOI)
Acanthaclisis occitanica,preysOn,Formicidae,"Engel, M. S., & Grimaldi, D. A. (2007). The Neuropterid Fauna of Dominican and Mexican Amber (Neuropterida: Megaloptera, Neuroptera). American Museum Novitates, 2007(3587), 1–58. https://doi.org/10.1206/0003-0082(2007)3587[1:TNFODA]2.0.CO;2",https://doi.org/10.1206/0003-0082(2007)3587%5B1:TNFODA%5D2.0.CO;2,https://github.com/globalbioticinteractions/trophiCH/archive/9dcb8b2670c4675817c605f5add33cd183d3fb0e.zip,Científica (artigo com DOI)
Euroleon nostras,preysOn,Formicidae,"Engel, M. S., & Grimaldi, D. A. (2007). The Neuropterid Fauna of Dominican and Mexican Amber (Neuropterida: Megaloptera, Neuroptera). American Museum Novitates, 2007(3587), 1–58. https://doi.org/10.1206/0003-0082(2007)3587[1:TNFODA]2.0.CO;2",https://doi.org/10.1206/0003-0082(2007)3587%5B1:TNFODA%5D2.0.CO;2,https://github.com/globalbioticinteractions/trophiCH/archive/9dcb8b2670c4675817c605f5add33cd183d3fb0e.zip,Científica (artigo com DOI)
Vermileonidae,preysOn,Formicidae,"Arnett, R. H. (1993). American insects: A handbook of the insects of America north of Mexico. In American insects a handbook of the insects of America north of Mexico. Sandhill Crane Press.",,https://github.com/globalbioticinteractions/trophiCH/archive/9dcb8b2670c4675817c605f5add33cd183d3fb0e.zip,Mineração de texto
Tettigometra macrocephala,preysOn,Formicidae,Brutparasitismus. (2023). In Wikipedia. https://de.wikipedia.org/w/index.php?title=Brutparasitismus&oldid=233616798,,https://github.com/globalbioticinteractions/trophiCH/archive/9dcb8b2670c4675817c605f5add33cd183d3fb0e.zip,Mineração de texto
Metroplaca longicornis,preysOn,Formicidae,Brutparasitismus. (2023). In Wikipedia. https://de.wikipedia.org/w/index.php?title=Brutparasitismus&oldid=233616798,,https://github.com/globalbioticinteractions/trophiCH/archive/9dcb8b2670c4675817c605f5add33cd183d3fb0e.zip,Mineração de texto
Lymantria dispar,preyedUponBy,Formicidae,"Myers, P., Espinosa, R., Parr, C. S., Jones, T., Hammond, G. S., & Dewey, T. A. (2023). The Animal Diversity Web [Dataset]. Retrieved 15 February 2023, from https://animaldiversity.ummz.umich.edu/quaardvark/",,https://github.com/globalbioticinteractions/trophiCH/archive/9dcb8b2670c4675817c605f5add33cd183d3fb0e.zip,Mineração de texto
Cynthia cardui,preyedUponBy,Formicidae,"Myers, P., Espinosa, R., Parr, C. S., Jones, T., Hammond, G. S., & Dewey, T. A. (2023). The Animal Diversity Web [Dataset]. Retrieved 15 February 2023, from https://animaldiversity.ummz.umich.edu/quaardvark/",,https://github.com/globalbioticinteractions/trophiCH/archive/9dcb8b2670c4675817c605f5add33cd183d3fb0e.zip,Mineração de texto
Ceratitis capitata,preyedUponBy,Formicidae,"Myers, P., Espinosa, R., Parr, C. S., Jones, T., Hammond, G. S., & Dewey, T. A. (2023). The Animal Diversity Web [Dataset]. Retrieved 15 February 2023, from https://animaldiversity.ummz.umich.edu/quaardvark/",,https://github.com/globalbioticinteractions/trophiCH/archive/9dcb8b2670c4675817c605f5add33cd183d3fb0e.zip,Mineração de texto
Pella limbata,preysOn,Formicidae,"Webb, J., Heaver, D., Lott, D., Dean, H. J., van Breda, J., Curson, J., Harvey, M. C., Gurney, M., Roy, D. B., van Breda, A., Drake, M., Alexander, K. N. A., & Foster, G. (2017). The Pantheon database: Habitat related traits, conservation status and taxa associations for invertebrates in England [Dataset]. NERC Environmental Information Data Centre. https://doi.org/10.5285/2a353d2d-c1b9-4bf7-8702-9e78910844bc",https://doi.org/10.5285/2a353d2d-c1b9-4bf7-8702-9e78910844bc,https://github.com/globalbioticinteractions/trophiCH/archive/9dcb8b2670c4675817c605f5add33cd183d3fb0e.zip,Repositório de dados
Pipizella viduata,preysOn,Formicidae,"Webb, J., Heaver, D., Lott, D., Dean, H. J., van Breda, J., Curson, J., Harvey, M. C., Gurney, M., Roy, D. B., van Breda, A., Drake, M., Alexander, K. N. A., & Foster, G. (2017). The Pantheon database: Habitat related traits, conservation status and taxa associations for invertebrates in England [Dataset]. NERC Environmental Information Data Centre. https://doi.org/10.5285/2a353d2d-c1b9-4bf7-8702-9e78910844bc",https://doi.org/10.5285/2a353d2d-c1b9-4bf7-8702-9e78910844bc,https://github.com/globalbioticinteractions/trophiCH/archive/9dcb8b2670c4675817c605f5add33cd183d3fb0e.zip,Repositório de dados
Chrysotoxum octomaculatum,preysOn,Formicidae,"Webb, J., Heaver, D., Lott, D., Dean, H. J., van Breda, J., Curson, J., Harvey, M. C., Gurney, M., Roy, D. B., van Breda, A., Drake, M., Alexander, K. N. A., & Foster, G. (2017). The Pantheon database: Habitat related traits, conservation status and taxa associations for invertebrates in England [Dataset]. NERC Environmental Information Data Centre. https://doi.org/10.5285/2a353d2d-c1b9-4bf7-8702-9e78910844bc",https://doi.org/10.5285/2a353d2d-c1b9-4bf7-8702-9e78910844bc,https://github.com/globalbioticinteractions/trophiCH/archive/9dcb8b2670c4675817c605f5add33cd183d3fb0e.zip,Repositório de dados
Alydus calcaratus,preysOn,Formicidae,"Webb, J., Heaver, D., Lott, D., Dean, H. J., van Breda, J., Curson, J., Harvey, M. C., Gurney, M., Roy, D. B., van Breda, A., Drake, M., Alexander, K. N. A., & Foster, G. (2017). The Pantheon database: Habitat related traits, conservation status and taxa associations for invertebrates in England [Dataset]. NERC Environmental Information Data Centre. https://doi.org/10.5285/2a353d2d-c1b9-4bf7-8702-9e78910844bc",https://doi.org/10.5285/2a353d2d-c1b9-4bf7-8702-9e78910844bc,https://github.com/globalbioticinteractions/trophiCH/archive/9dcb8b2670c4675817c605f5add33cd183d3fb0e.zip,Repositório de dados
Tettigometra impressopunctata,preysOn,Formicidae,"Webb, J., Heaver, D., Lott, D., Dean, H. J., van Breda, J., Curson, J., Harvey, M. C., Gurney, M., Roy, D. B., van Breda, A., Drake, M., Alexander, K. N. A., & Foster, G. (2017). The Pantheon database: Habitat related traits, conservation status and taxa associations for invertebrates in England [Dataset]. NERC Environmental Information Data Centre. https://doi.org/10.5285/2a353d2d-c1b9-4bf7-8702-9e78910844bc",https://doi.org/10.5285/2a353d2d-c1b9-4bf7-8702-9e78910844bc,https://github.com/globalbioticinteractions/trophiCH/archive/9dcb8b2670c4675817c605f5add33cd183d3fb0e.zip,Repositório de dados
Systellonotus triguttatus,preysOn,Formicidae,"Webb, J., Heaver, D., Lott, D., Dean, H. J., van Breda, J., Curson, J., Harvey, M. C., Gurney, M., Roy, D. B., van Breda, A., Drake, M., Alexander, K. N. A., & Foster, G. (2017). The Pantheon database: Habitat related traits, conservation status and taxa associations for invertebrates in England [Dataset]. NERC Environmental Information Data Centre. https://doi.org/10.5285/2a353d2d-c1b9-4bf7-8702-9e78910844bc",https://doi.org/10.5285/2a353d2d-c1b9-4bf7-8702-9e78910844bc,https://github.com/globalbioticinteractions/trophiCH/archive/9dcb8b2670c4675817c605f5add33cd183d3fb0e.zip,Repositório de dados
Chrysotoxum,preysOn,Formicidae,"Poelen, J. H. Global Biotic Interactions: Interpreted Data Products. Zenodo https://doi.org/10.5281/zenodo.5708970 (2021).",https://doi.org/10.5281/zenodo.5708970,https://github.com/globalbioticinteractions/trophiCH/archive/9dcb8b2670c4675817c605f5add33cd183d3fb0e.zip,Repositório de dados
Vespula germanica,preyedUponBy,Formicidae,"Poelen, J. H. Global Biotic Interactions: Interpreted Data Products. Zenodo https://doi.org/10.5281/zenodo.5708970 (2021).",https://doi.org/10.5281/zenodo.5708970,https://github.com/globalbioticinteractions/trophiCH/archive/9dcb8b2670c4675817c605f5add33cd183d3fb0e.zip,Repositório de dados
Acheta domestica,preyedUponBy,Formicidae,"Poelen, J. H. Global Biotic Interactions: Interpreted Data Products. Zenodo https://doi.org/10.5281/zenodo.5708970 (2021).",https://doi.org/10.5281/zenodo.5708970,https://github.com/globalbioticinteractions/trophiCH/archive/9dcb8b2670c4675817c605f5add33cd183d3fb0e.zip,Repositório de dados
Periplaneta americana,preyedUponBy,Formicidae,"Poelen, J. H. Global Biotic Interactions: Interpreted Data Products. Zenodo https://doi.org/10.5281/zenodo.5708970 (2021).",https://doi.org/10.5281/zenodo.5708970,https://github.com/globalbioticinteractions/trophiCH/archive/9dcb8b2670c4675817c605f5add33cd183d3fb0e.zip,Repositório de dados
Microdon analis,preysOn,Formicidae,"Poelen, J. H. Global Biotic Interactions: Interpreted Data Products. Zenodo https://doi.org/10.5281/zenodo.5708970 (2021).",https://doi.org/10.5281/zenodo.5708970,https://github.com/globalbioticinteractions/trophiCH/archive/9dcb8b2670c4675817c605f5add33cd183d3fb0e.zip,Repositório de dados
Orthoptera,preysOn,Formicidae,"Poelen, J. H. Global Biotic Interactions: Interpreted Data Products. Zenodo https://doi.org/10.5281/zenodo.5708970 (2021).",https://doi.org/10.5281/zenodo.5708970,https://github.com/globalbioticinteractions/trophiCH/archive/9dcb8b2670c4675817c605f5add33cd183d3fb0e.zip,Repositório de dados
Notonecta,preysOn,Formicidae,"Poelen, J. H. Global Biotic Interactions: Interpreted Data Products. Zenodo https://doi.org/10.5281/zenodo.5708970 (2021).",https://doi.org/10.5281/zenodo.5708970,https://github.com/globalbioticinteractions/trophiCH/archive/9dcb8b2670c4675817c605f5add33cd183d3fb0e.zip,Repositório de dados
Apis mellifera,eatenBy,Formicidae,Meagan Simons (Expert),,https://github.com/globalbioticinteractions/hale2024/archive/b69d6d5b8b126b0a9a050eb566b40ac9519ad0be.zip,Mineração de texto
Halictus confusus,eatenBy,Formicidae,Meagan Simons (Expert),,https://github.com/globalbioticinteractions/hale2024/archive/b69d6d5b8b126b0a9a050eb566b40ac9519ad0be.zip,Mineração de texto
Argia fumipennis,eats,Formicidae,Kayla R. S. Hale (Expert),,https://github.com/globalbioticinteractions/hale2024/archive/b69d6d5b8b126b0a9a050eb566b40ac9519ad0be.zip,Mineração de texto
Leucorrhinia hudsonica,eats,Formicidae,Kayla R. S. Hale (Expert),,https://github.com/globalbioticinteractions/hale2024/archive/b69d6d5b8b126b0a9a050eb566b40ac9519ad0be.zip,Mineração de texto
Nymphalis antiopa,eatenBy,Formicidae,Brian G. Scholtens (Expert),,https://github.com/globalbioticinteractions/hale2024/archive/b69d6d5b8b126b0a9a050eb566b40ac9519ad0be.zip,Mineração de texto
Lymantria dispar,eatenBy,Formicidae,Brian G. Scholtens (Expert),,https://github.com/globalbioticinteractions/hale2024/archive/b69d6d5b8b126b0a9a050eb566b40ac9519ad0be.zip,Mineração de texto
Mythimna unipuncta,eatenBy,Formicidae,Brian G. Scholtens (Expert),,https://github.com/globalbioticinteractions/hale2024/archive/b69d6d5b8b126b0a9a050eb566b40ac9519ad0be.zip,Mineração de texto
Cynthia cardui,eatenBy,Formicidae,Brian G. Scholtens (Expert),,https://github.com/globalbioticinteractions/hale2024/archive/b69d6d5b8b126b0a9a050eb566b40ac9519ad0be.zip,Mineração de texto
Cydia pomonella,eatenBy,Formicidae,Brian G. Scholtens (Expert),,https://github.com/globalbioticinteractions/hale2024/archive/b69d6d5b8b126b0a9a050eb566b40ac9519ad0be.zip,Mineração de texto
Cicindela,eatenBy,Formicidae,Rowan L. K. French (Expert),,https://github.com/globalbioticinteractions/hale2024/archive/b69d6d5b8b126b0a9a050eb566b40ac9519ad0be.zip,Mineração de texto
Cicindela repanda,eats,Formicidae,Rowan L. K. French (Expert),,https://github.com/globalbioticinteractions/hale2024/archive/b69d6d5b8b126b0a9a050eb566b40ac9519ad0be.zip,Mineração de texto
Cicindela scutellaris,eatenBy,Formicidae,Rowan L. K. French (Expert),,https://github.com/globalbioticinteractions/hale2024/archive/b69d6d5b8b126b0a9a050eb566b40ac9519ad0be.zip,Mineração de texto
Cicindela scutellaris,eats,Formicidae,Rowan L. K. French (Expert),,https://github.com/globalbioticinteractions/hale2024/archive/b69d6d5b8b126b0a9a050eb566b40ac9519ad0be.zip,Mineração de texto
Helocassis clavata,eatenBy,Formicidae,Rowan L. K. French (Expert),,https://github.com/globalbioticinteractions/hale2024/archive/b69d6d5b8b126b0a9a050eb566b40ac9519ad0be.zip,Mineração de texto
Proctacanthus nigriventris,interactsWith,Formicidae,http://bins.boldsystems.org/index.php/Public_RecordView?processid=LYMAB775-15,http://bins.boldsystems.org/index.php/Public_RecordView?processid=LYMAB775-15,https://github.com/globalbioticinteractions/bold/archive/604c9ecdf7d88e61b645bb5f43532b7adc11bb4f.zip,Observação de ocorrência
Neivamyrmex gibbatus,interactsWith,Formicidae,http://bins.boldsystems.org/index.php/Public_RecordView?processid=APREY905-18,http://bins.boldsystems.org/index.php/Public_RecordView?processid=APREY905-18,https://github.com/globalbioticinteractions/bold/archive/604c9ecdf7d88e61b645bb5f43532b7adc11bb4f.zip,Observação de ocorrência
Neivamyrmex pilosus,interactsWith,Formicidae,http://bins.boldsystems.org/index.php/Public_RecordView?processid=APREY800-18,http://bins.boldsystems.org/index.php/Public_RecordView?processid=APREY800-18,https://github.com/globalbioticinteractions/bold/archive/604c9ecdf7d88e61b645bb5f43532b7adc11bb4f.zip,Observação de ocorrência
Hemiptera,hasHost,Formicidae,"Field Museum of Natural History (Zoology) Insect, Arachnid and Myriapod Collection - Version 12.64. Accessed at <https://fmipt.fieldmuseum.org/ipt/archive.do?r=fmnh_insects> on 11 Apr 2026.",https://db.fieldmuseum.org/05e1e4ff-0d20-4582-befc-fa6361f70cbb,https://github.com/globalbioticinteractions/fmnh/archive/24a410d7cfa90c1e38899f7a4c3a5b7544d93937.zip,Catálogo institucional
Acrodipsas illidgei,hasHost,Formicidae,BHL,http://www.biodiversitylibrary.org/page/41134927,https://github.com/globalbioticinteractions/ferrer-paris/archive/2c5b20bd8c0b2839124c71c83ca83369f1d812c9.zip,Outro / não classificado
Elaphropus vernicatus,interactsWith,Formicidae,https://ecdysis.org/collections/individual/index.php?occid=5489273,https://ecdysis.org/collections/individual/index.php?occid=5489273,https://github.com/globalbioticinteractions/ecdysis/archive/a322ee67d84be8eb2dccee0af9cb3d14aa8d6077.zip,Observação de ocorrência
Neivamyrmex gibbatus,preysOn,Formicidae,"Hoenle, P.O. et al., 2019. Species‐level predation network uncovers high prey specificity in a Neotropical army ant community. Molecular Ecology, 28(9), pp.2423–2440. Available at: http://dx.doi.org/10.1111/mec.15078. Accessed at <https://github.com/globalbioticinteractions/hoenle2019/archive/74cc15a3473e1354fc6cf424688221b1de777afc.zip> on 11 Apr 2026.",,https://github.com/globalbioticinteractions/hoenle2019/archive/74cc15a3473e1354fc6cf424688221b1de777afc.zip,Mineração de texto
Neivamyrmex pilosus,preysOn,Formicidae,"Hoenle, P.O. et al., 2019. Species‐level predation network uncovers high prey specificity in a Neotropical army ant community. Molecular Ecology, 28(9), pp.2423–2440. Available at: http://dx.doi.org/10.1111/mec.15078. Accessed at <https://github.com/globalbioticinteractions/hoenle2019/archive/74cc15a3473e1354fc6cf424688221b1de777afc.zip> on 11 Apr 2026.",,https://github.com/globalbioticinteractions/hoenle2019/archive/74cc15a3473e1354fc6cf424688221b1de777afc.zip,Mineração de texto
Gliricola porcelli,hasHost,Formicidae,https://doi.org/10.15468/tmxd7n,https://doi.org/10.15468/tmxd7n,https://github.com/EMTuckerLab/ummzi/archive/6731357a377e9c2748fc931faa2ff3dc0ce3ea7a.zip,Repositório de dados
Formica nitidiventris,interactsWith,Formicidae,A. Thessen. 2014. Species associations extracted from EOL text data objects via text mining. Accessed at <https://github.com/EOL/pseudonitzchia/archive/e5838965a186fba4b7215cd0d179c4526773bad5.zip> on 10 Apr 2026.,,https://github.com/EOL/pseudonitzchia/archive/e5838965a186fba4b7215cd0d179c4526773bad5.zip,Mineração de texto
Atta sexdens,interactsWith,Formicidae,A. Thessen. 2014. Species associations extracted from EOL text data objects via text mining. Accessed at <https://github.com/EOL/pseudonitzchia/archive/e5838965a186fba4b7215cd0d179c4526773bad5.zip> on 10 Apr 2026.,,https://github.com/EOL/pseudonitzchia/archive/e5838965a186fba4b7215cd0d179c4526773bad5.zip,Mineração de texto
Homoptera,interactsWith,Formicidae,A. Thessen. 2014. Species associations extracted from EOL text data objects via text mining. Accessed at <https://github.com/EOL/pseudonitzchia/archive/e5838965a186fba4b7215cd0d179c4526773bad5.zip> on 10 Apr 2026.,,https://github.com/EOL/pseudonitzchia/archive/e5838965a186fba4b7215cd0d179c4526773bad5.zip,Mineração de texto
